it,sol,rhsl1,rhsl2,rhslinf,dyl1,dyl2,dylinf,relerr
1,1,1.633063e+08,1.238737e+07,8.813377e+06,2.129788e+08,1.101473e+06,1.385075e+04,3.669554e-08
1,2,1.633063e+08,1.238737e+07,8.813377e+06,2.129788e+08,1.101473e+06,1.385075e+04,3.669554e-08
1,3,1.626882e+08,1.234045e+07,8.779998e+06,2.121672e+08,1.097277e+06,1.379807e+04,3.669555e-08
1,4,1.154939e+03,6.613319e+01,4.667686e+01,5.346942e+03,2.564595e+01,2.782555e-01,2.256705e-08
2,1,2.415172e+07,1.788355e+06,1.277515e+06,3.469660e+08,1.789737e+06,2.055722e+04,4.299938e-08
2,2,3.663069e+06,2.711380e+05,1.936882e+05,5.263298e+07,2.714913e+05,3.118291e+03,4.301397e-08
2,3,3.492548e+06,2.585319e+05,1.846842e+05,5.015928e+07,2.587576e+05,2.972438e+03,4.300673e-08
2,4,8.104156e+02,1.157508e+02,8.247751e+01,4.351796e+03,2.548223e+01,1.614538e+00,2.676140e-08
3,1,1.935892e+07,3.489645e+06,2.495828e+06,1.573410e+09,7.162577e+06,5.137453e+04,2.388279e-08
3,2,1.396549e+06,2.517315e+05,1.800410e+05,1.136947e+08,5.175430e+05,3.711155e+03,2.390887e-08
3,3,1.347602e+06,2.429557e+05,1.737640e+05,1.097183e+08,4.994399e+05,3.581388e+03,2.390622e-08
3,4,1.574693e+02,2.571105e+00,1.438856e+00,4.148171e+03,2.041850e+01,9.826662e-01,4.701655e-08
4,1,2.697025e+07,4.732478e+06,3.394044e+06,2.246835e+09,1.000000e+07,6.621469e+04,2.469579e-08
4,2,8.151558e+05,1.430649e+05,1.026030e+05,6.814576e+07,3.032705e+05,2.007078e+03,2.480408e-08
4,3,7.617137e+05,1.337940e+05,9.595373e+04,6.365982e+07,2.833305e+05,1.875559e+03,2.480395e-08
4,4,1.693292e+02,2.925771e+00,9.669624e-01,5.440715e+03,4.491834e+01,7.390780e+00,2.187652e-08
5,1,3.493341e+07,5.688400e+06,4.090795e+06,2.175582e+09,9.705134e+06,6.466232e+04,2.449997e-08
5,2,7.374662e+05,1.201020e+05,8.637039e+04,4.610139e+07,2.056341e+05,1.369208e+03,2.457757e-08
5,3,6.953540e+05,1.133427e+05,8.150903e+04,4.348784e+07,1.939874e+05,1.291805e+03,2.458438e-08
5,4,1.868882e+02,3.345903e+00,2.029439e+00,5.779024e+03,3.209359e+01,2.398132e+00,2.392423e-08
6,1,4.613414e+07,6.982628e+06,5.029352e+06,2.106431e+09,9.429556e+06,6.339399e+04,1.307051e-08
6,2,6.830326e+05,1.033821e+05,7.446197e+04,3.131256e+07,1.401559e+05,9.415538e+02,1.310579e-08
6,3,6.437667e+05,9.751729e+04,7.023724e+04,2.954590e+07,1.322510e+05,8.883642e+02,1.310666e-08
6,4,2.440767e+02,6.538345e+00,4.512814e+00,1.023769e+04,4.732990e+01,1.440210e+00,3.472756e-08
7,1,5.783707e+07,8.321782e+06,6.000275e+06,2.109513e+09,9.457441e+06,6.361741e+04,9.371431e-09
7,2,6.420506e+05,9.237212e+04,6.660247e+04,2.352039e+07,1.054333e+05,7.086068e+02,9.403377e-09
7,3,5.992599e+05,8.627633e+04,6.220692e+04,2.198992e+07,9.857085e+04,6.623228e+02,9.407429e-09
7,4,1.542813e+02,3.969613e+00,2.615310e+00,1.101030e+04,5.262541e+01,5.698609e+00,4.830284e-08
8,1,7.424126e+07,1.018774e+07,7.346534e+06,2.163460e+09,9.701514e+06,6.506657e+04,2.867211e-08
8,2,5.950702e+05,8.164241e+04,5.887269e+04,1.742819e+07,7.814024e+04,5.235429e+02,2.882605e-08
8,3,5.552862e+05,7.622880e+04,5.496872e+04,1.630120e+07,7.308361e+04,4.894868e+02,2.884849e-08
8,4,1.937843e+02,6.488516e+00,4.485677e+00,1.671384e+04,7.405480e+01,2.483433e+00,3.400101e-08
9,1,9.082118e+07,1.207310e+07,8.708244e+06,2.238028e+09,1.003115e+07,6.696930e+04,3.367497e-08
9,2,5.545277e+05,7.369532e+04,5.315492e+04,1.374426e+07,6.159205e+04,4.107827e+02,3.385923e-08
9,3,5.155415e+05,6.854722e+04,4.944137e+04,1.281533e+07,5.742416e+04,3.828304e+02,3.391467e-08
9,4,2.141737e+02,8.277171e+00,5.733887e+00,2.024150e+04,8.897105e+01,5.086157e+00,4.967314e-08
10,1,1.073065e+08,1.396705e+07,1.008251e+07,2.321899e+09,1.039700e+07,6.901814e+04,4.203241e-08
10,2,5.199083e+05,6.765006e+04,4.883401e+04,1.132600e+07,5.070398e+04,3.361828e+02,4.217979e-08
10,3,4.783225e+05,6.226358e+04,4.494540e+04,1.045672e+07,4.680694e+04,3.101532e+02,4.216017e-08
10,4,2.206427e+02,9.494634e+00,6.653963e+00,2.454145e+04,1.047755e+02,1.362496e+00,3.837044e-08
10,5,5.411925e+01,2.198680e+00,1.520183e+00,8.469489e+03,3.591258e+01,6.566244e-01,4.672691e-08
10,6,5.421017e+01,1.988508e+00,1.309463e+00,8.883328e+03,3.802813e+01,9.783564e-01,2.292557e-08
11,1,1.456964e+08,1.797348e+07,1.297292e+07,2.553728e+09,1.140102e+07,7.449555e+04,1.714861e-08
11,2,4.535130e+05,5.593061e+04,4.036850e+04,8.033832e+06,3.585242e+04,2.338125e+02,1.720441e-08
11,3,4.190701e+05,5.169934e+04,3.731439e+04,7.463827e+06,3.330122e+04,2.169546e+02,1.719787e-08
11,4,2.197945e+02,8.413590e+00,5.933159e+00,2.593022e+04,1.127272e+02,5.675285e+00,2.452306e-08
12,1,1.615904e+08,1.976625e+07,1.426997e+07,2.624197e+09,1.170297e+07,7.609040e+04,1.990959e-08
12,2,4.319109e+05,5.281642e+04,3.812890e+04,7.096125e+06,3.163142e+04,2.052190e+02,2.002196e-08
12,3,3.987468e+05,4.877431e+04,3.521067e+04,6.588388e+06,2.936064e+04,1.902767e+02,2.005079e-08
12,4,2.218628e+02,8.871556e+00,6.281710e+00,2.460895e+04,1.045061e+02,3.481667e+00,1.718659e-08
13,1,1.781695e+08,2.165987e+07,1.564496e+07,2.699197e+09,1.202397e+07,7.779451e+04,1.399838e-08
13,2,4.124973e+05,5.013021e+04,3.620801e+04,6.330560e+06,2.818534e+04,1.819231e+02,1.404924e-08
13,3,3.832765e+05,4.659087e+04,3.365153e+04,5.920539e+06,2.635173e+04,1.698879e+02,1.404478e-08
13,4,2.352103e+02,9.502230e+00,6.774061e+00,2.738819e+04,1.147053e+02,2.030410e+00,3.619751e-08
13,5,1.420206e+02,5.689295e+00,4.048457e+00,1.662516e+04,6.942951e+01,5.562584e-01,3.604051e-08
13,6,1.671789e+01,4.099925e-01,8.078871e-02,1.274864e+03,9.727850e+00,4.458772e-01,2.887610e-08
14,1,2.335249e+08,2.668299e+07,1.931612e+07,2.992630e+09,1.326899e+07,8.436106e+04,1.672460e-08
14,2,3.586207e+05,4.097085e+04,2.965802e+04,4.689863e+06,2.077450e+04,1.315871e+02,1.682176e-08
14,3,3.307828e+05,3.779944e+04,2.736217e+04,4.363138e+06,1.931872e+04,1.221591e+02,1.682812e-08
14,4,1.757241e+02,5.426187e+00,3.823789e+00,2.076052e+04,8.686025e+01,1.881214e+00,3.125499e-08
14,5,8.467467e+01,2.836137e+00,1.952541e+00,1.445665e+04,6.032860e+01,8.040433e-01,4.119833e-08
14,6,3.567275e+01,9.952489e-01,6.412686e-01,6.305556e+03,2.660295e+01,6.225521e-01,2.463318e-08
15,1,2.869729e+08,3.185784e+07,2.309619e+07,3.205597e+09,1.416366e+07,8.893495e+04,2.022529e-08
15,2,3.241579e+05,3.598428e+04,2.608651e+04,3.719313e+06,1.641094e+04,1.025280e+02,2.025697e-08
15,3,2.972714e+05,3.300747e+04,2.392838e+04,3.450097e+06,1.521219e+04,9.480805e+01,2.028894e-08
15,4,1.379717e+02,3.592360e+00,2.484895e+00,1.929364e+04,8.365221e+01,2.982340e+00,4.445165e-08
16,1,3.040652e+08,3.368987e+07,2.443306e+07,3.252353e+09,1.435790e+07,8.989174e+04,1.491681e-08
16,2,3.152906e+05,3.493191e+04,2.533257e+04,3.468064e+06,1.528755e+04,9.520577e+01,1.494643e-08
16,3,2.904075e+05,3.218180e+04,2.333808e+04,3.230450e+06,1.422973e+04,8.840380e+01,1.493129e-08
16,4,1.467549e+02,3.815140e+00,2.682382e+00,1.880324e+04,7.972529e+01,3.078499e+00,3.170593e-08
16,5,6.776908e+01,2.077939e+00,1.413250e+00,1.320744e+04,5.531527e+01,1.212111e+00,3.754722e-08
16,6,2.487998e+01,6.383110e-01,3.361837e-01,4.294256e+03,1.992665e+01,5.910832e-01,2.668028e-08
17,1,3.598897e+08,3.923486e+07,2.848849e+07,3.417422e+09,1.504045e+07,9.326700e+04,3.628938e-08
17,2,2.905863e+05,3.167971e+04,2.300145e+04,2.854941e+06,1.254027e+04,7.725675e+01,3.647359e-08
17,3,2.658839e+05,2.899238e+04,2.105019e+04,2.647800e+06,1.161947e+04,7.139499e+01,3.650918e-08
17,4,1.051075e+02,2.941450e+00,2.027715e+00,1.669441e+04,7.015723e+01,2.080493e+00,4.151944e-08
17,5,6.505654e+01,1.965844e+00,1.319124e+00,1.236644e+04,5.209092e+01,9.744709e-01,4.118075e-08
17,6,4.040359e+01,1.182868e+00,7.840573e-01,7.537103e+03,3.185652e+01,6.941280e-01,4.211502e-08
18,1,4.150396e+08,4.481313e+07,3.257069e+07,3.568616e+09,1.566199e+07,9.629075e+04,1.539067e-08
18,2,2.713985e+05,2.930505e+04,2.129803e+04,2.430649e+06,1.064167e+04,6.499873e+01,1.539636e-08
18,3,2.481973e+05,2.680451e+04,1.948056e+04,2.256490e+06,9.869359e+03,6.031726e+01,1.537803e-08
18,4,1.301712e+02,2.158049e+00,1.441148e+00,1.310021e+04,5.493223e+01,2.451260e+00,2.428777e-08
18,5,1.102579e+02,1.920913e+00,1.292979e+00,1.155580e+04,4.816004e+01,1.093625e+00,2.447534e-08
18,6,8.194659e+01,1.638484e+00,1.116771e+00,1.005221e+04,4.193641e+01,7.630998e-01,2.465019e-08
19,1,4.446143e+08,4.750948e+07,3.455186e+07,3.631644e+09,1.591990e+07,9.763814e+04,2.939177e-08
19,2,2.625689e+05,2.805970e+04,2.040557e+04,2.240270e+06,9.794746e+03,6.151151e+01,2.949287e-08
19,3,2.428359e+05,2.595580e+04,1.887542e+04,2.102767e+06,9.183321e+03,5.884711e+01,2.946932e-08
19,4,1.198748e+02,2.048918e+00,1.348499e+00,1.469017e+04,6.160322e+01,1.162378e+00,4.732011e-08
19,5,7.615183e+01,1.586783e+00,1.069615e+00,1.099601e+04,4.623376e+01,9.590533e-01,4.266053e-08
19,6,3.697414e+01,9.875957e-01,6.475972e-01,6.328087e+03,2.720463e+01,8.336950e-01,3.483911e-08
20,1,5.019719e+08,5.312478e+07,3.867428e+07,3.751323e+09,1.640632e+07,1.037799e+05,2.944897e-08
20,2,2.483584e+05,2.628829e+04,1.913644e+04,1.951605e+06,8.508386e+03,5.592750e+01,4.371327e-08
20,3,2.271843e+05,2.405147e+04,1.750800e+04,1.821158e+06,7.927413e+03,5.249119e+01,4.671275e-08
20,4,7.387337e+01,1.941478e+00,1.297372e+00,1.621053e+04,6.850775e+01,2.294188e+00,2.604812e-08
20,5,5.230622e+01,1.489060e+00,1.004407e+00,1.188402e+04,5.017490e+01,1.070493e+00,2.534970e-08
20,6,3.072719e+01,8.673844e-01,5.601935e-01,6.676550e+03,2.924117e+01,5.245838e-01,2.913054e-08
21,1,5.706662e+08,6.014886e+07,4.381656e+07,3.894560e+09,1.698646e+07,1.080466e+05,4.226054e-08
21,2,2.345852e+05,2.472963e+04,1.801362e+04,1.698911e+06,7.380932e+03,4.872471e+01,4.240296e-08
21,3,2.133123e+05,2.249109e+04,1.638294e+04,1.584754e+06,6.870603e+03,4.525377e+01,4.238068e-08
21,4,7.304370e+01,1.496726e+00,9.982456e-01,1.316779e+04,5.466879e+01,1.530103e+00,3.954702e-08
21,5,6.181946e+01,1.407525e+00,9.443633e-01,1.175834e+04,4.883152e+01,1.354828e+00,3.731469e-08
21,6,4.845150e+01,1.260417e+00,8.460137e-01,1.031221e+04,4.293921e+01,1.201069e+00,3.538249e-08
22,1,6.063086e+08,6.366011e+07,4.638743e+07,3.946409e+09,1.719677e+07,1.092671e+05,2.124581e-08
22,2,2.279465e+05,2.393792e+04,1.744180e+04,1.579331e+06,6.853166e+03,4.518558e+01,2.122152e-08
22,3,2.098117e+05,2.203752e+04,1.605709e+04,1.488174e+06,6.446028e+03,4.231526e+01,2.118935e-08
22,4,1.106342e+02,1.538533e+00,1.003002e+00,1.183914e+04,4.956609e+01,1.939726e+00,4.158915e-08
22,5,7.973887e+01,1.266508e+00,8.157230e-01,1.071944e+04,4.495574e+01,1.768014e+00,2.790512e-08
22,6,5.491750e+01,1.016722e+00,6.582707e-01,8.648704e+03,3.630840e+01,1.450819e+00,2.814485e-08
23,1,6.590096e+08,6.874114e+07,5.012126e+07,4.042292e+09,1.758553e+07,1.106592e+05,4.320281e-08
23,2,2.189380e+05,2.284277e+04,1.665425e+04,1.439950e+06,6.234515e+03,4.062664e+01,4.330326e-08
23,3,2.001848e+05,2.089027e+04,1.523071e+04,1.357334e+06,5.863777e+03,3.785827e+01,4.333996e-08
23,4,6.640299e+01,1.414010e+00,9.330401e-01,1.326330e+04,5.512720e+01,1.728213e+00,2.453479e-08
23,5,5.153537e+01,1.356753e+00,9.269820e-01,1.157056e+04,4.802610e+01,1.506622e+00,4.703705e-08
23,6,3.618219e+01,1.089097e+00,7.541891e-01,9.117108e+03,3.797426e+01,1.197716e+00,4.597809e-08
24,1,7.334892e+08,7.620784e+07,5.560432e+07,4.178811e+09,1.813562e+07,1.120158e+05,4.632625e-08
24,2,2.080238e+05,2.161878e+04,1.577284e+04,1.284273e+06,5.542433e+03,3.533464e+01,4.647668e-08
24,3,1.906939e+05,1.982129e+04,1.446126e+04,1.216320e+06,5.236585e+03,3.301361e+01,4.638780e-08
24,4,7.767805e+01,1.313779e+00,8.615154e-01,1.300963e+04,5.379015e+01,1.097778e+00,3.509116e-08
24,5,4.838253e+01,1.343331e+00,9.095538e-01,1.268305e+04,5.292702e+01,9.802059e-01,3.384899e-08
24,6,3.125524e+01,9.759747e-01,6.514107e-01,9.769402e+03,4.126031e+01,8.423106e-01,3.960927e-08
25,1,8.220999e+08,8.508594e+07,6.212782e+07,4.306247e+09,1.864744e+07,1.126981e+05,2.446648e-08
25,2,1.973880e+05,2.043529e+04,1.492033e+04,1.131596e+06,4.869075e+03,3.026822e+01,2.429895e-08
25,3,1.798962e+05,1.862775e+04,1.360048e+04,1.069933e+06,4.590661e+03,2.816156e+01,2.538572e-08
25,4,5.433374e+01,1.568299e+00,8.952907e-01,1.481395e+04,7.911893e+01,7.726732e+00,4.277078e-08
25,5,4.363673e+01,1.270936e+00,8.544755e-01,9.516422e+03,4.026992e+01,1.489769e+00,3.699809e-08
25,6,3.080268e+01,9.585352e-01,6.267503e-01,7.041752e+03,3.130911e+01,1.131398e+00,4.722224e-08
26,1,9.165788e+08,9.464758e+07,6.913367e+07,4.476818e+09,1.932953e+07,1.141260e+05,2.156006e-08
26,2,1.876127e+05,1.937923e+04,1.415420e+04,1.018785e+06,4.365156e+03,2.636218e+01,2.133983e-08
26,3,1.701986e+05,1.758327e+04,1.284223e+04,9.526606e+05,4.070038e+03,2.448413e+01,2.117129e-08
26,4,4.994985e+01,1.041466e+00,6.926772e-01,9.373849e+03,3.882183e+01,1.347037e+00,4.643747e-08
26,5,4.442101e+01,1.047461e+00,7.012702e-01,9.069355e+03,3.768647e+01,1.287388e+00,4.493348e-08
26,6,3.785004e+01,1.070317e+00,7.197083e-01,8.590039e+03,3.613165e+01,1.331825e+00,4.337165e-08
27,1,9.669300e+08,9.968580e+07,7.282958e+07,4.530941e+09,1.954543e+07,1.148258e+05,2.917139e-08
27,2,1.834496e+05,1.891885e+04,1.382094e+04,9.608938e+05,4.111835e+03,2.456442e+01,2.903897e-08
27,3,1.668001e+05,1.720428e+04,1.256823e+04,9.122240e+05,3.889856e+03,2.332423e+01,2.904161e-08
27,4,5.524512e+01,1.054902e+00,7.122311e-01,1.127347e+04,4.657967e+01,1.532321e+00,3.014650e-08
27,5,5.001655e+01,1.001694e+00,6.761694e-01,1.056117e+04,4.364067e+01,1.209783e+00,2.946906e-08
27,6,4.335782e+01,9.445757e-01,6.382972e-01,9.849212e+03,4.074090e+01,1.001798e+00,2.797097e-08
28,1,9.981964e+08,1.027484e+08,7.507891e+07,4.560840e+09,1.966478e+07,1.153726e+05,2.979482e-08
28,2,1.808024e+05,1.861692e+04,1.360250e+04,9.252231e+05,3.956622e+03,2.358406e+01,3.008480e-08
28,3,1.659303e+05,1.708790e+04,1.248513e+04,8.725738e+05,3.722910e+03,2.235576e+01,2.993114e-08
28,4,6.429002e+01,1.328710e+00,9.235006e-01,1.109152e+04,4.643826e+01,1.262572e+00,2.764839e-08
28,5,4.541677e+01,1.130183e+00,7.729995e-01,9.589129e+03,4.046109e+01,1.140738e+00,4.712560e-08
28,6,2.958255e+01,9.843305e-01,6.738144e-01,7.062023e+03,3.076887e+01,9.056225e-01,2.448712e-08
29,1,1.108031e+09,1.137824e+08,8.318195e+07,4.641083e+09,1.998500e+07,1.167543e+05,3.655527e-08
29,2,1.733219e+05,1.780463e+04,1.301530e+04,8.193515e+05,3.497290e+03,2.103186e+01,3.672063e-08
29,3,1.589213e+05,1.632752e+04,1.193532e+04,7.796103e+05,3.317533e+03,1.989197e+01,3.680921e-08
29,4,6.378068e+01,1.315288e+00,9.219784e-01,1.206825e+04,5.085015e+01,1.951654e+00,2.809803e-08
29,5,4.685739e+01,1.106064e+00,7.730599e-01,1.058245e+04,4.420272e+01,1.219254e+00,3.184375e-08
29,6,3.479373e+01,9.209074e-01,6.392284e-01,7.871696e+03,3.308018e+01,7.033446e-01,2.737713e-08
30,1,1.177145e+09,1.207014e+08,8.826047e+07,4.685835e+09,2.016112e+07,1.176635e+05,2.316010e-08
30,2,1.691915e+05,1.735512e+04,1.268961e+04,7.635682e+05,3.255050e+03,1.958898e+01,2.323694e-08
30,3,1.552575e+05,1.592780e+04,1.164586e+04,7.224206e+05,3.070315e+03,1.835554e+01,2.323315e-08
30,4,7.487211e+01,1.431583e+00,9.733706e-01,6.399560e+03,2.735180e+01,5.050792e-01,4.197527e-08
30,5,7.081410e+01,1.367113e+00,9.292353e-01,6.099139e+03,2.611985e+01,5.072343e-01,4.214777e-08
30,6,6.567039e+01,1.285293e+00,8.734653e-01,5.729418e+03,2.461132e+01,5.120084e-01,4.238857e-08
31,1,1.208566e+09,1.239263e+08,9.062912e+07,4.726190e+09,2.032086e+07,1.184570e+05,2.651053e-08
31,2,1.672956e+05,1.716134e+04,1.254937e+04,7.463306e+05,3.177900e+03,1.907768e+01,2.675679e-08
31,3,1.526070e+05,1.565659e+04,1.144883e+04,7.121516e+05,3.020029e+03,1.790991e+01,2.667595e-08
31,4,4.885091e+01,1.143830e+00,8.069985e-01,8.663718e+03,3.591355e+01,5.615778e-01,3.006618e-08
31,5,4.032435e+01,1.035218e+00,7.245014e-01,8.294178e+03,3.433594e+01,5.278665e-01,2.990695e-08
31,6,3.147888e+01,9.880864e-01,6.835013e-01,7.686167e+03,3.179366e+01,5.369367e-01,4.753531e-08
32,1,1.293922e+09,1.325054e+08,9.693642e+07,4.795996e+09,2.059461e+07,1.196238e+05,4.773944e-08
32,2,1.625135e+05,1.664931e+04,1.217910e+04,6.931733e+05,2.945600e+03,1.758275e+01,4.795996e-08
32,3,1.483200e+05,1.519727e+04,1.111675e+04,6.637968e+05,2.808183e+03,1.648477e+01,4.794096e-08
32,4,4.120049e+01,1.181838e+00,7.977627e-01,6.685700e+03,3.081893e+01,1.450138e+00,2.961873e-08
32,5,3.417431e+01,1.109769e+00,7.739943e-01,8.266612e+03,3.467871e+01,6.553343e-01,4.563037e-08
32,6,2.687959e+01,9.103934e-01,6.332564e-01,7.169756e+03,3.020404e+01,5.909099e-01,3.069144e-08
33,1,1.381488e+09,1.413490e+08,1.034341e+08,4.876788e+09,2.091352e+07,1.207552e+05,4.094902e-08
33,2,1.580107e+05,1.617405e+04,1.183462e+04,6.492231e+05,2.752960e+03,1.628188e+01,4.112506e-08
33,3,1.447187e+05,1.481547e+04,1.084039e+04,6.269456e+05,2.646839e+03,1.535361e+01,4.121671e-08
33,4,5.764074e+01,1.286225e+00,8.953177e-01,8.818817e+03,3.677947e+01,9.443719e-01,3.587171e-08
33,5,5.205409e+01,1.184303e+00,8.264597e-01,8.220944e+03,3.430815e+01,8.430875e-01,3.831528e-08
33,6,4.404135e+01,1.042429e+00,7.306628e-01,7.536954e+03,3.153288e+01,7.723331e-01,4.397824e-08
34,1,1.447468e+09,1.480640e+08,1.083808e+08,4.932250e+09,2.113252e+07,1.216955e+05,2.587825e-08
34,2,1.547519e+05,1.583692e+04,1.159145e+04,6.185608e+05,2.619237e+03,1.539231e+01,2.612632e-08
34,3,1.419421e+05,1.452790e+04,1.063322e+04,5.976324e+05,2.519575e+03,1.452120e+01,2.607803e-08
34,4,5.649161e+01,1.298677e+00,9.004193e-01,8.833514e+03,3.650165e+01,4.836016e-01,3.298209e-08
34,5,5.175698e+01,1.212366e+00,8.418421e-01,8.516345e+03,3.524627e+01,4.636860e-01,3.340301e-08
34,6,4.449982e+01,1.081123e+00,7.531609e-01,8.065012e+03,3.352734e+01,4.627065e-01,3.656589e-08
35,1,1.516614e+09,1.551162e+08,1.135659e+08,4.966084e+09,2.126456e+07,1.222741e+05,3.446692e-08
35,2,1.517786e+05,1.553089e+04,1.136974e+04,5.849330e+05,2.474569e+03,1.446583e+01,3.430740e-08
35,3,1.397482e+05,1.430168e+04,1.046976e+04,5.602509e+05,2.361984e+03,1.356350e+01,3.426985e-08
35,4,5.319306e+01,1.309228e+00,9.071655e-01,8.179510e+03,3.414669e+01,5.892745e-01,3.508238e-08
35,5,4.718082e+01,1.195520e+00,8.301390e-01,7.673726e+03,3.218055e+01,5.586819e-01,3.584706e-08
35,6,3.623072e+01,9.855082e-01,6.854733e-01,6.701944e+03,2.850304e+01,5.150729e-01,3.721092e-08
36,1,1.630809e+09,1.667983e+08,1.221574e+08,5.040764e+09,2.156071e+07,1.236632e+05,4.178078e-08
36,2,1.477804e+05,1.512227e+04,1.107409e+04,5.456206e+05,2.303705e+03,1.331171e+01,4.189041e-08
36,3,1.346615e+05,1.378173e+04,1.009231e+04,5.548274e+05,2.324503e+03,1.303138e+01,4.187768e-08
36,4,3.766787e+01,1.084065e+00,7.594711e-01,1.420937e+04,5.852010e+01,1.285642e+00,4.675873e-08
36,5,3.346728e+01,9.968727e-01,6.996854e-01,1.239508e+04,5.070857e+01,8.632054e-01,4.489379e-08
36,6,2.822802e+01,8.933602e-01,6.205156e-01,1.106076e+04,4.514022e+01,7.115923e-01,4.233673e-08
37,1,1.695345e+09,1.732978e+08,1.269295e+08,5.111383e+09,2.184087e+07,1.249736e+05,2.634634e-08
37,2,1.449761e+05,1.482680e+04,1.085874e+04,5.281399e+05,2.226184e+03,1.275365e+01,2.645673e-08
37,3,1.321561e+05,1.351750e+04,9.899740e+03,5.249250e+05,2.197317e+03,1.302941e+01,2.649463e-08
37,4,3.608404e+01,1.097883e+00,7.690136e-01,1.073951e+04,4.672530e+01,2.673447e+00,2.320540e-08
37,5,3.016541e+01,1.011831e+00,7.028357e-01,1.154170e+04,4.691271e+01,7.889615e-01,2.336922e-08
37,6,2.444699e+01,8.969555e-01,6.204629e-01,1.131684e+04,4.589339e+01,7.756471e-01,4.848823e-08
38,1,1.811700e+09,1.851235e+08,1.356106e+08,5.199379e+09,2.218425e+07,1.265147e+05,3.774081e-08
38,2,1.408488e+05,1.439950e+04,1.054730e+04,4.949104e+05,2.080767e+03,1.176520e+01,3.768407e-08
38,3,1.282894e+05,1.311724e+04,9.607961e+03,4.887610e+05,2.039690e+03,1.167299e+01,3.773163e-08
38,4,3.797890e+01,1.080260e+00,7.514181e-01,1.271315e+04,5.230960e+01,1.355172e+00,4.360751e-08
38,5,3.526324e+01,1.021901e+00,7.131751e-01,1.151403e+04,4.728156e+01,1.179132e+00,3.934599e-08
38,6,3.183977e+01,9.494773e-01,6.646210e-01,1.030411e+04,4.231778e+01,1.029474e+00,4.822998e-08
39,1,1.864462e+09,1.904882e+08,1.395505e+08,5.205682e+09,2.220717e+07,1.266273e+05,1.666758e-08
39,2,1.393098e+05,1.424027e+04,1.043140e+04,4.755552e+05,1.998994e+03,1.127684e+01,1.669552e-08
39,3,1.254587e+05,1.282567e+04,9.395088e+03,4.541906e+05,1.897310e+03,1.051462e+01,1.689910e-08
39,4,1.569907e+02,9.194403e+01,6.501203e+01,4.820857e+04,3.612433e+02,3.784968e+01,3.008387e-08
40,1,1.896033e+09,1.937142e+08,1.419166e+08,5.216783e+09,2.224913e+07,1.268074e+05,4.082103e-08
40,2,1.386560e+05,1.417348e+04,1.038268e+04,4.670940e+05,1.962593e+03,1.104738e+01,4.061829e-08
40,3,1.280062e+05,1.308638e+04,9.586252e+03,4.589553e+05,1.916476e+03,1.060286e+01,4.092467e-08
40,4,4.440112e+01,1.275588e+00,8.801426e-01,8.103105e+03,3.410510e+01,9.190131e-01,3.916415e-08
40,5,3.989781e+01,1.154656e+00,7.953461e-01,7.413435e+03,3.115588e+01,8.425754e-01,3.913501e-08
40,6,3.474058e+01,1.016168e+00,6.986142e-01,6.636645e+03,2.785672e+01,7.559878e-01,3.918340e-08
41,1,1.997655e+09,2.040460e+08,1.495065e+08,5.299153e+09,2.256972e+07,1.282207e+05,1.835300e-08
41,2,1.359522e+05,1.389383e+04,1.017922e+04,4.492703e+05,1.882653e+03,1.047714e+01,1.842670e-08
41,3,1.243852e+05,1.271328e+04,9.314167e+03,4.449379e+05,1.850842e+03,1.013451e+01,1.839645e-08
41,4,3.815608e+01,1.177708e+00,8.159967e-01,1.038078e+04,4.247810e+01,9.624322e-01,2.486849e-08
41,5,3.088110e+01,1.051500e+00,7.348714e-01,1.050754e+04,4.285682e+01,8.795840e-01,2.342904e-08
41,6,2.475330e+01,9.166626e-01,6.365596e-01,9.254761e+03,3.774477e+01,7.379342e-01,4.564194e-08
42,1,2.146862e+09,2.192929e+08,1.607043e+08,5.399990e+09,2.295992e+07,1.299221e+05,2.790666e-08
42,2,1.321851e+05,1.350934e+04,9.899122e+03,4.232813e+05,1.767631e+03,9.736321e+00,2.785200e-08
42,3,1.201326e+05,1.227914e+04,8.997564e+03,4.473777e+05,1.844460e+03,9.866351e+00,2.786934e-08
42,4,3.238313e+01,1.036035e+00,7.256228e-01,1.474424e+04,5.921841e+01,2.023179e+00,4.109302e-08
42,5,2.885327e+01,9.768520e-01,6.851482e-01,1.493844e+04,5.999431e+01,1.946724e+00,4.250946e-08
42,6,2.526957e+01,9.300215e-01,6.477037e-01,1.503172e+04,6.040621e+01,1.848241e+00,3.871542e-08
43,1,2.225963e+09,2.273450e+08,1.666131e+08,5.461696e+09,2.319761e+07,1.309412e+05,3.911789e-08
43,2,1.300071e+05,1.328519e+04,9.735332e+03,4.113172e+05,1.714151e+03,9.405796e+00,3.913503e-08
43,3,1.182101e+05,1.208125e+04,8.852984e+03,4.244904e+05,1.750019e+03,9.358144e+00,3.915107e-08
43,4,2.962242e+01,1.095183e+00,7.607227e-01,1.669494e+04,6.676273e+01,9.676243e-01,3.885885e-08
43,5,2.703675e+01,1.029916e+00,7.166933e-01,1.506817e+04,6.027114e+01,8.871794e-01,3.853933e-08
43,6,2.296805e+01,8.972603e-01,6.206572e-01,1.310108e+04,5.254097e+01,7.572788e-01,4.068435e-08
44,1,2.358475e+09,2.407885e+08,1.764634e+08,5.532242e+09,2.347101e+07,1.321481e+05,2.299672e-08
44,2,1.271489e+05,1.298830e+04,9.517655e+03,3.897839e+05,1.621461e+03,8.865328e+00,2.277234e-08
44,3,1.150804e+05,1.175703e+04,8.615284e+03,3.865599e+05,1.599862e+03,1.900077e+01,2.285471e-08
44,4,2.930226e+01,9.420717e-01,6.607596e-01,9.124919e+03,3.748696e+01,1.101549e+00,3.275980e-08
45,1,2.367261e+09,2.416763e+08,1.771148e+08,5.527222e+09,2.345119e+07,1.320447e+05,4.934417e-08
45,2,1.269935e+05,1.297194e+04,9.505702e+03,3.866870e+05,1.608710e+03,8.798289e+00,4.948304e-08
45,3,1.152872e+05,1.177768e+04,8.630456e+03,3.774980e+05,1.560507e+03,9.649555e+00,4.953221e-08
45,4,2.876788e+01,1.102600e+00,7.545025e-01,1.188385e+04,4.820850e+01,9.391225e-01,4.087406e-08
45,5,2.612908e+01,1.016015e+00,7.104845e-01,1.021710e+04,4.238887e+01,1.478468e+00,4.112857e-08
45,6,2.295981e+01,9.074637e-01,6.329788e-01,8.353494e+03,3.458994e+01,1.039193e+00,4.169731e-08
46,1,2.485026e+09,2.536190e+08,1.858741e+08,5.572037e+09,2.362494e+07,1.328212e+05,1.658006e-08
46,2,1.250161e+05,1.276596e+04,9.355111e+03,3.691450e+05,1.533741e+03,8.367999e+00,1.653742e-08
46,3,1.130155e+05,1.154188e+04,8.457978e+03,3.729141e+05,1.535580e+03,8.289146e+00,1.653280e-08
46,4,2.632490e+01,1.028030e+00,7.202909e-01,1.002314e+04,4.062501e+01,8.221785e-01,3.725222e-08
47,1,2.539711e+09,2.591867e+08,1.899545e+08,5.601694e+09,2.373919e+07,1.333335e+05,4.774765e-08
47,2,1.240286e+05,1.266450e+04,9.280749e+03,3.621841e+05,1.503463e+03,8.184551e+00,4.800938e-08
47,3,1.125714e+05,1.149598e+04,8.424342e+03,3.771450e+05,1.549175e+03,1.268723e+01,4.807942e-08
47,4,3.144384e+01,1.052834e+00,7.383134e-01,1.250525e+04,5.194157e+01,2.121501e+00,2.705273e-08
47,5,2.905292e+01,1.009907e+00,7.075551e-01,1.281629e+04,5.349828e+01,2.344097e+00,2.600070e-08
47,6,2.539517e+01,9.559256e-01,6.639956e-01,1.356835e+04,5.734418e+01,2.853807e+00,4.944290e-08
48,1,2.620703e+09,2.673763e+08,1.959739e+08,5.625335e+09,2.382913e+07,1.337256e+05,1.982276e-08
48,2,1.224343e+05,1.249824e+04,9.159714e+03,3.488599e+05,1.447129e+03,7.870732e+00,1.991578e-08
48,3,1.125946e+05,1.149521e+04,8.424520e+03,3.495808e+05,1.439231e+03,7.906938e+00,1.993304e-08
48,4,3.598098e+01,1.123331e+00,7.826010e-01,8.897463e+03,3.655630e+01,8.257017e-01,2.541760e-08
48,5,3.333245e+01,1.048153e+00,7.303531e-01,8.289085e+03,3.411547e+01,7.618143e-01,2.528338e-08
48,6,2.999805e+01,9.537674e-01,6.647718e-01,7.517980e+03,3.104617e+01,6.830942e-01,2.508999e-08
49,1,2.731524e+09,2.786795e+08,2.042873e+08,5.695075e+09,2.409906e+07,1.348614e+05,3.271882e-08
49,2,1.206098e+05,1.231196e+04,9.024452e+03,3.401865e+05,1.408098e+03,7.606736e+00,3.274215e-08
49,3,1.100290e+05,1.123318e+04,8.233650e+03,3.452052e+05,1.415910e+03,7.740407e+00,3.272751e-08
49,4,3.128734e+01,1.099222e+00,7.688770e-01,1.106805e+04,4.558189e+01,1.124700e+00,4.330271e-08
49,5,2.744710e+01,1.004579e+00,7.022479e-01,1.083348e+04,4.424971e+01,9.601649e-01,4.205474e-08
49,6,2.294201e+01,8.947528e-01,6.221919e-01,9.715072e+03,3.969266e+01,8.348095e-01,4.277305e-08
50,1,2.883523e+09,2.940360e+08,2.155455e+08,5.734154e+09,2.424469e+07,1.354907e+05,2.373379e-08
50,2,1.182185e+05,1.206174e+04,8.841074e+03,3.186977e+05,1.317385e+03,7.111098e+00,2.364155e-08
50,3,1.087000e+05,1.109186e+04,8.130111e+03,3.103915e+05,1.275376e+03,7.791725e+00,2.362655e-08
50,4,3.274462e+01,1.065089e+00,7.378425e-01,8.647898e+03,3.546806e+01,1.092624e+00,2.345390e-08
50,5,2.989165e+01,9.911556e-01,6.877392e-01,8.042056e+03,3.326091e+01,1.054495e+00,2.505410e-08
50,6,2.446012e+01,8.599218e-01,5.980530e-01,6.641259e+03,2.816303e+01,9.907716e-01,2.813208e-08
51,1,3.069816e+09,3.129828e+08,2.294600e+08,5.791802e+09,2.446530e+07,1.364550e+05,2.924786e-08
51,2,1.160890e+05,1.184268e+04,8.681462e+03,3.018386e+05,1.245196e+03,6.777452e+00,2.930958e-08
51,3,1.055686e+05,1.077075e+04,7.895619e+03,3.214268e+05,1.311058e+03,1.080635e+01,2.931470e-08
51,4,2.762988e+01,9.725547e-01,6.762021e-01,8.938441e+03,3.609134e+01,1.269156e+00,3.061446e-08
51,5,2.591785e+01,9.283689e-01,6.452191e-01,8.699444e+03,3.510941e+01,1.231526e+00,3.064960e-08
51,6,2.348630e+01,8.661629e-01,6.012059e-01,8.418406e+03,3.395251e+01,1.184179e+00,3.087069e-08
52,1,3.150610e+09,3.211796e+08,2.354907e+08,5.856721e+09,2.471361e+07,1.375295e+05,2.110064e-08
52,2,1.147686e+05,1.170653e+04,8.582424e+03,2.996159e+05,1.233278e+03,6.698011e+00,2.108713e-08
52,3,1.045663e+05,1.066712e+04,7.820337e+03,3.186616e+05,1.296984e+03,1.261413e+01,2.108405e-08
52,4,2.808927e+01,9.674865e-01,6.730849e-01,9.429889e+03,3.800321e+01,1.491192e+00,3.308577e-08
52,5,2.641878e+01,9.238540e-01,6.426520e-01,9.210235e+03,3.712539e+01,1.444445e+00,3.261796e-08
52,6,2.406877e+01,8.666704e-01,6.027523e-01,8.946632e+03,3.607844e+01,1.384082e+00,3.171878e-08
53,1,3.248059e+09,3.310910e+08,2.427763e+08,5.894107e+09,2.485591e+07,1.381307e+05,1.429329e-08
53,2,1.132829e+05,1.155425e+04,8.471423e+03,2.902149e+05,1.193526e+03,6.492684e+00,1.430930e-08
53,3,1.035468e+05,1.056244e+04,7.744163e+03,2.914719e+05,1.189822e+03,1.500223e+01,1.426504e-08
53,4,2.829490e+01,9.690878e-01,6.701613e-01,8.312196e+03,3.398625e+01,1.823341e+00,4.268223e-08
53,5,2.628799e+01,9.210113e-01,6.384552e-01,8.009754e+03,3.282047e+01,1.781791e+00,4.631742e-08
53,6,2.141438e+01,8.286035e-01,5.735249e-01,7.455069e+03,3.077447e+01,1.696923e+00,4.692779e-08
54,1,3.434761e+09,3.501142e+08,2.567650e+08,5.969815e+09,2.514433e+07,1.393874e+05,2.691259e-08
54,2,1.111861e+05,1.134020e+04,8.315760e+03,2.801551e+05,1.148929e+03,8.030196e+00,2.685976e-08
54,3,1.008997e+05,1.029222e+04,7.547196e+03,3.203034e+05,1.294172e+03,1.674890e+01,2.672623e-08
54,4,2.381713e+01,9.651106e-01,6.659951e-01,2.073276e+04,8.244880e+01,1.998078e+00,2.998806e-08
54,5,2.211732e+01,8.995065e-01,6.265151e-01,1.376981e+04,5.464504e+01,1.935066e+00,2.567632e-08
54,6,2.025984e+01,8.295847e-01,5.791580e-01,1.156287e+04,4.600492e+01,1.812265e+00,2.491596e-08
55,1,3.539498e+09,3.607566e+08,2.645782e+08,6.026057e+09,2.535750e+07,1.403079e+05,3.225294e-08
55,2,1.097518e+05,1.119290e+04,8.208005e+03,2.750228e+05,1.125704e+03,8.812100e+00,3.231154e-08
55,3,9.934239e+04,1.013243e+04,7.430254e+03,2.832916e+05,1.147784e+03,1.601722e+01,3.228246e-08
55,4,2.272738e+01,9.394613e-01,6.564937e-01,4.965667e+03,2.283975e+01,2.045992e+00,2.542784e-08
55,5,2.105753e+01,8.840228e-01,6.168385e-01,4.506051e+03,2.206256e+01,2.018259e+00,2.649469e-08
55,6,1.888218e+01,7.951298e-01,5.555881e-01,6.603210e+03,2.744217e+01,1.817201e+00,2.433856e-08
56,1,3.673456e+09,3.743989e+08,2.746178e+08,6.114233e+09,2.569322e+07,1.417888e+05,1.732036e-08
56,2,1.080401e+05,1.101807e+04,8.080796e+03,2.719528e+05,1.110093e+03,9.118800e+00,1.729963e-08
56,3,9.825852e+04,1.002164e+04,7.349910e+03,3.032742e+05,1.221855e+03,1.317677e+01,1.728899e-08
56,4,2.407179e+01,9.995116e-01,6.956648e-01,1.685693e+04,6.662017e+01,1.959210e+00,4.370861e-08
56,5,2.152586e+01,9.077501e-01,6.336727e-01,1.574253e+04,6.218238e+01,1.766125e+00,4.409687e-08
57,1,3.835048e+09,3.908267e+08,2.867274e+08,6.185886e+09,2.596640e+07,1.429868e+05,3.634176e-08
57,2,1.061827e+05,1.082754e+04,7.942706e+03,2.634500e+05,1.073549e+03,8.700198e+00,3.622892e-08
57,3,9.581656e+04,9.771648e+03,7.168059e+03,2.984174e+05,1.200165e+03,9.478379e+00,3.631001e-08
57,4,2.235896e+01,9.518443e-01,6.674036e-01,1.454655e+04,5.960753e+01,1.896865e+00,3.110802e-08
58,1,3.898904e+09,3.973413e+08,2.915070e+08,6.220520e+09,2.609786e+07,1.435665e+05,4.005096e-08
58,2,1.053689e+05,1.074476e+04,7.881988e+03,2.596535e+05,1.057233e+03,8.232002e+00,4.002075e-08
58,3,9.595567e+04,9.785952e+03,7.178568e+03,2.820372e+05,1.135232e+03,8.253179e+00,4.004731e-08
58,4,2.760082e+01,1.040212e+00,7.272854e-01,1.169861e+04,4.664151e+01,1.094961e+00,2.575895e-08
59,1,3.975178e+09,4.051190e+08,2.972396e+08,6.285214e+09,2.634474e+07,1.446500e+05,2.737052e-08
59,2,1.045695e+05,1.066338e+04,7.822982e+03,2.619969e+05,1.064619e+03,7.930019e+00,2.719946e-08
59,3,9.471135e+04,9.659319e+03,7.086291e+03,3.662630e+05,1.464523e+03,1.398918e+01,2.719177e-08
59,4,2.501629e+01,1.007846e+00,7.006895e-01,2.151206e+04,8.688125e+01,1.977875e+00,2.947481e-08
60,1,3.997361e+09,4.073663e+08,2.988898e+08,6.329970e+09,2.651614e+07,1.453745e+05,2.148229e-08
60,2,1.039617e+05,1.060107e+04,7.777301e+03,2.639594e+05,1.071615e+03,7.862926e+00,2.132308e-08
60,3,9.457803e+04,9.645347e+03,7.076068e+03,3.255715e+05,1.302015e+03,7.707079e+00,2.137118e-08
60,4,2.750004e+01,1.113788e+00,7.772423e-01,1.770880e+04,6.989907e+01,9.134600e-01,2.828062e-08
60,5,2.509891e+01,1.034647e+00,7.202701e-01,1.702141e+04,6.720377e+01,8.423353e-01,2.717033e-08
60,6,2.292595e+01,9.705129e-01,6.761013e-01,1.608121e+04,6.349599e+01,7.488031e-01,2.522570e-08
61,1,4.110839e+09,4.188258e+08,3.072994e+08,6.443265e+09,2.694796e+07,1.472466e+05,3.077759e-08
61,2,1.020997e+05,1.040867e+04,7.636186e+03,2.631893e+05,1.066052e+03,7.917188e+00,3.067800e-08
61,3,9.264706e+04,9.446031e+03,6.929882e+03,3.013189e+05,1.207106e+03,7.133217e+00,3.068017e-08
61,4,2.535140e+01,1.085450e+00,7.558446e-01,2.087987e+04,8.306300e+01,2.281605e+00,4.596420e-08
61,5,2.393801e+01,1.033879e+00,7.211907e-01,1.725891e+04,6.840531e+01,1.445726e+00,4.416122e-08
61,6,2.219833e+01,9.685382e-01,6.767966e-01,1.495270e+04,5.920895e+01,1.039475e+00,4.359171e-08
62,1,4.221586e+09,4.300552e+08,3.155602e+08,6.471900e+09,2.705657e+07,1.477174e+05,3.789058e-08
62,2,1.008560e+05,1.028064e+04,7.542769e+03,2.555863e+05,1.034709e+03,7.829056e+00,3.715150e-08
62,3,9.132422e+04,9.310058e+03,6.830601e+03,2.735853e+05,1.097291e+03,6.418432e+00,3.707710e-08
62,4,2.462796e+01,1.094153e+00,7.639330e-01,7.204716e+03,2.981879e+01,4.738350e-01,2.793616e-08
62,5,2.234906e+01,9.979407e-01,6.961042e-01,7.413966e+03,3.039885e+01,4.527592e-01,2.722543e-08
63,1,4.364719e+09,4.446088e+08,3.262580e+08,6.570711e+09,2.743511e+07,1.493545e+05,1.343833e-08
63,2,9.927116e+04,1.011852e+04,7.424248e+03,2.541846e+05,1.027275e+03,7.564682e+00,1.338815e-08
63,3,8.987097e+04,9.161571e+03,6.722017e+03,2.779315e+05,1.111352e+03,6.078889e+00,1.336072e-08
63,4,2.481179e+01,1.090698e+00,7.629302e-01,1.345202e+04,5.351095e+01,6.367889e-01,3.272970e-08
63,5,2.357498e+01,1.042596e+00,7.302131e-01,1.281242e+04,5.107323e+01,6.668688e-01,3.180456e-08
63,6,2.192593e+01,9.780068e-01,6.843880e-01,1.193509e+04,4.773891e+01,7.090634e-01,3.035729e-08
64,1,4.460878e+09,4.543976e+08,3.334620e+08,6.609624e+09,2.758188e+07,1.500470e+05,1.568447e-08
64,2,9.829322e+04,1.001872e+04,7.351481e+03,2.494001e+05,1.007209e+03,7.367520e+00,1.568022e-08
64,3,8.874503e+04,9.046581e+03,6.638057e+03,2.749223e+05,1.098900e+03,5.876712e+00,1.562450e-08
64,4,2.479142e+01,1.111403e+00,7.670108e-01,1.658295e+03,3.096278e+01,4.820497e+00,4.106793e-08
65,1,4.520150e+09,4.604378e+08,3.378984e+08,6.648198e+09,2.772852e+07,1.506817e+05,1.391820e-08
65,2,9.773423e+04,9.961818e+03,7.309802e+03,2.492833e+05,1.005779e+03,7.174820e+00,1.394956e-08
65,3,8.934914e+04,9.108196e+03,6.683336e+03,2.893866e+05,1.154476e+03,5.946672e+00,1.390073e-08
65,4,2.972855e+01,1.118153e+00,7.800923e-01,1.482747e+04,5.859044e+01,4.738748e-01,2.753989e-08
65,5,2.875044e+01,1.084900e+00,7.569800e-01,1.463289e+04,5.779822e+01,4.688886e-01,2.756575e-08
65,6,2.747477e+01,1.042010e+00,7.271793e-01,1.439164e+04,5.682226e+01,4.627793e-01,2.767039e-08
66,1,4.594428e+09,4.680083e+08,3.434619e+08,6.635173e+09,2.767707e+07,1.504255e+05,2.094101e-08
66,2,9.686882e+04,9.873726e+03,7.245323e+03,2.382039e+05,9.614966e+02,7.052649e+00,2.104884e-08
66,3,8.812532e+04,8.983416e+03,6.591916e+03,2.253774e+05,9.060687e+02,4.971549e+00,2.104990e-08
66,4,2.653732e+01,1.149658e+00,8.035094e-01,8.875187e+03,3.566229e+01,4.333170e-01,2.527057e-08
66,5,2.482932e+01,1.096124e+00,7.670994e-01,8.044004e+03,3.242535e+01,4.074671e-01,2.473580e-08
66,6,2.243625e+01,1.010685e+00,7.079873e-01,6.864510e+03,2.787939e+01,3.849981e-01,2.300127e-08
67,1,4.787665e+09,4.875724e+08,3.578284e+08,6.751248e+09,2.811992e+07,1.523205e+05,1.885306e-08
67,2,9.555529e+04,9.737477e+03,7.145514e+03,2.420730e+05,9.742428e+02,6.940344e+00,1.828208e-08
67,3,8.671063e+04,8.837224e+03,6.484811e+03,2.986884e+05,1.187978e+03,5.683415e+00,2.011521e-08
67,4,2.515121e+01,1.116779e+00,7.807587e-01,1.606326e+04,6.333085e+01,4.999455e-01,2.298918e-08
68,1,4.863818e+09,4.952996e+08,3.634960e+08,6.824631e+09,2.839962e+07,1.535208e+05,3.956206e-08
68,2,9.457127e+04,9.636675e+03,7.071475e+03,2.435100e+05,9.788266e+02,6.829036e+00,3.957587e-08
68,3,8.579008e+04,8.742896e+03,6.415528e+03,2.868763e+05,1.142234e+03,8.423915e+00,3.947704e-08
68,4,2.581034e+01,1.148213e+00,7.997962e-01,8.505082e+03,4.101832e+01,2.699776e+00,4.889647e-08
68,5,2.447062e+01,1.118076e+00,7.816224e-01,1.219101e+04,5.093359e+01,2.061646e+00,4.661985e-08
68,6,2.226760e+01,1.030289e+00,7.238458e-01,1.657918e+04,6.547925e+01,8.611209e-01,4.343622e-08
69,1,5.018793e+09,5.109817e+08,3.750094e+08,6.921885e+09,2.877198e+07,1.551271e+05,2.655846e-08
69,2,9.260809e+04,9.434870e+03,6.923460e+03,2.390978e+05,9.599666e+02,6.654042e+00,2.667779e-08
69,3,8.403759e+04,8.562749e+03,6.283413e+03,2.684079e+05,1.069172e+03,5.980163e+00,2.670357e-08
69,4,2.638423e+01,1.072600e+00,7.499920e-01,1.534075e+04,6.050286e+01,5.027765e-01,3.401530e-08
70,1,5.050079e+09,5.141561e+08,3.773407e+08,6.909207e+09,2.872420e+07,1.549264e+05,4.913131e-08
70,2,9.233717e+04,9.407069e+03,6.903088e+03,2.333514e+05,9.375433e+02,6.539588e+00,4.901344e-08
70,3,8.382642e+04,8.541002e+03,6.267483e+03,2.225174e+05,8.899873e+02,4.447429e+00,4.896159e-08
70,4,2.545737e+01,1.179820e+00,8.255732e-01,9.312182e+03,3.739282e+01,5.499040e-01,4.648120e-08
70,5,2.358113e+01,1.099926e+00,7.707159e-01,8.295133e+03,3.345345e+01,5.170977e-01,4.620400e-08
70,6,2.110342e+01,9.925109e-01,6.955898e-01,6.925990e+03,2.825492e+01,4.764092e-01,4.565525e-08
71,1,5.268867e+09,5.363394e+08,3.936433e+08,6.970624e+09,2.895610e+07,1.558901e+05,3.291533e-08
71,2,9.094013e+04,9.263197e+03,6.797887e+03,2.250840e+05,9.032817e+02,6.175829e+00,3.290464e-08
71,3,8.247489e+04,8.401920e+03,6.165754e+03,2.241218e+05,8.936164e+02,7.867404e+00,3.295301e-08
71,4,2.414443e+01,1.047696e+00,7.307179e-01,9.894422e+03,3.940299e+01,5.675345e-01,4.723543e-08
72,1,5.332213e+09,5.427678e+08,3.983633e+08,6.952779e+09,2.888731e+07,1.555903e+05,4.661539e-08
72,2,9.061224e+04,9.229464e+03,6.773162e+03,2.183893e+05,8.768025e+02,6.013063e+00,4.653458e-08
72,3,8.211320e+04,8.364691e+03,6.138467e+03,2.192155e+05,8.740054e+02,4.248124e+00,4.649225e-08
72,4,2.459462e+01,1.152756e+00,8.078349e-01,8.240855e+03,3.354602e+01,5.764108e-01,2.933208e-08
72,5,2.261219e+01,1.064750e+00,7.458032e-01,7.378970e+03,3.030495e+01,6.064878e-01,2.938312e-08
72,6,2.004578e+01,9.474975e-01,6.628566e-01,6.403213e+03,2.656253e+01,6.016731e-01,2.951313e-08
73,1,5.547414e+09,5.646150e+08,4.144258e+08,7.059624e+09,2.929596e+07,1.573461e+05,4.359972e-08
73,2,8.916923e+04,9.081608e+03,6.665097e+03,2.185607e+05,8.759517e+02,5.757213e+00,4.353490e-08
73,3,8.082781e+04,8.233001e+03,6.042211e+03,2.185266e+05,8.702588e+02,1.165885e+01,4.353782e-08
73,4,2.496348e+01,1.030224e+00,7.186331e-01,7.966280e+03,3.196217e+01,4.739925e-01,4.351374e-08
74,1,5.577410e+09,5.676692e+08,4.166699e+08,7.077366e+09,2.936529e+07,1.576440e+05,3.673202e-08
74,2,8.901918e+04,9.066349e+03,6.653935e+03,2.190738e+05,8.780098e+02,5.734417e+00,3.675882e-08
74,3,8.140518e+04,8.291812e+03,6.085406e+03,2.630947e+05,1.043349e+03,4.897623e+00,3.688940e-08
74,4,2.775815e+01,1.085041e+00,7.566487e-01,1.430438e+04,5.679972e+01,6.297281e-01,2.731071e-08
74,5,2.619700e+01,1.032217e+00,7.201307e-01,1.398893e+04,5.562026e+01,6.738251e-01,2.693858e-08
74,6,2.410750e+01,9.638871e-01,6.729041e-01,1.358754e+04,5.414451e+01,7.317760e-01,2.651246e-08
75,1,5.741879e+09,5.844416e+08,4.290122e+08,7.146394e+09,2.962962e+07,1.588236e+05,3.004329e-08
75,2,8.754985e+04,8.917273e+03,6.544997e+03,2.140223e+05,8.571267e+02,5.467773e+00,3.006609e-08
75,3,7.932081e+04,8.080028e+03,5.930402e+03,2.232877e+05,8.882683e+02,4.296953e+00,3.012001e-08
75,4,2.306195e+01,1.067506e+00,7.451000e-01,9.588893e+03,3.835955e+01,5.050002e-01,2.304068e-08
75,5,2.201054e+01,1.022281e+00,7.134931e-01,9.142284e+03,3.659641e+01,4.825938e-01,2.293885e-08
75,6,2.077606e+01,9.689987e-01,6.768333e-01,8.624025e+03,3.455602e+01,4.567129e-01,2.274825e-08
76,1,5.861464e+09,5.965703e+08,4.379272e+08,7.228897e+09,2.994629e+07,1.601762e+05,3.377857e-08
76,2,8.676975e+04,8.837189e+03,6.486391e+03,2.176873e+05,8.710251e+02,5.388183e+00,3.376711e-08
76,3,7.896243e+04,8.043091e+03,5.903445e+03,2.773476e+05,1.099174e+03,6.382376e+00,3.384334e-08
76,4,2.535487e+01,1.006203e+00,7.018522e-01,1.309594e+04,5.170303e+01,5.204996e-01,4.148924e-08
76,5,2.464586e+01,9.851916e-01,6.874133e-01,1.322414e+04,5.217875e+01,5.126496e-01,4.090018e-08
76,6,2.358862e+01,9.559643e-01,6.670608e-01,1.349034e+04,5.318957e+01,5.024496e-01,3.977938e-08
77,1,5.931528e+09,6.036715e+08,4.431509e+08,7.252123e+09,3.003441e+07,1.605280e+05,1.985901e-08
77,2,8.602572e+04,8.761019e+03,6.430636e+03,2.140773e+05,8.563490e+02,5.258422e+00,2.003521e-08
77,3,7.819129e+04,7.964167e+03,5.845659e+03,2.236802e+05,8.889407e+02,7.502867e+00,2.006662e-08
77,4,2.459226e+01,1.026438e+00,7.157737e-01,8.205845e+03,3.365380e+01,6.175888e-01,2.685815e-08
77,5,2.362053e+01,9.979419e-01,6.959762e-01,7.999581e+03,3.288986e+01,6.219677e-01,2.666605e-08
77,6,2.227087e+01,9.595351e-01,6.690705e-01,7.766214e+03,3.201966e+01,6.246991e-01,2.638705e-08
78,1,6.026359e+09,6.133269e+08,4.502480e+08,7.282773e+09,3.015133e+07,1.610397e+05,2.930318e-08
78,2,8.538485e+04,8.695827e+03,6.382910e+03,2.111288e+05,8.444851e+02,5.112962e+00,2.930058e-08
78,3,7.743928e+04,7.887598e+03,5.789573e+03,2.023827e+05,8.065749e+02,5.571776e+00,2.931163e-08
78,4,2.281484e+01,1.076509e+00,7.486918e-01,4.369262e+03,2.217956e+01,1.644056e+00,3.800744e-08
79,1,6.168657e+09,6.277535e+08,4.608480e+08,7.264442e+09,3.008112e+07,1.607310e+05,2.114407e-08
79,2,8.480764e+04,8.636282e+03,6.339329e+03,2.009708e+05,8.042583e+02,4.859954e+00,2.128288e-08
79,3,7.731188e+04,7.873901e+03,5.779645e+03,1.720633e+05,6.883136e+02,3.529457e+00,2.135324e-08
79,4,2.536310e+01,1.132290e+00,7.882419e-01,3.277678e+03,1.607721e+01,5.502752e-01,2.488563e-08
79,5,2.259926e+01,1.046933e+00,7.303796e-01,2.676092e+03,1.397951e+01,5.381073e-01,2.253823e-08
79,6,2.018750e+01,9.515012e-01,6.649792e-01,2.442209e+03,1.274748e+01,4.995288e-01,2.171380e-08
80,1,6.443603e+09,6.556249e+08,4.813370e+08,7.412899e+09,3.065236e+07,1.631055e+05,2.812994e-08
80,2,8.363348e+04,8.515355e+03,6.250920e+03,2.092088e+05,8.357285e+02,4.726422e+00,2.786833e-08
80,3,7.548131e+04,7.686312e+03,5.642254e+03,2.873508e+05,1.135506e+03,9.022877e+00,2.784320e-08
80,4,2.147932e+01,1.017735e+00,7.101563e-01,1.426161e+04,5.747602e+01,1.066467e+00,4.815238e-08
80,5,2.085809e+01,9.893865e-01,6.903313e-01,1.400896e+04,5.650559e+01,1.071565e+00,4.838948e-08
80,6,2.011564e+01,9.555641e-01,6.666685e-01,1.372527e+04,5.541524e+01,1.076354e+00,4.870130e-08
81,1,6.507888e+09,6.621795e+08,4.861563e+08,7.477864e+09,3.090115e+07,1.642101e+05,2.970130e-08
81,2,8.290105e+04,8.440979e+03,6.196410e+03,2.117019e+05,8.452860e+02,4.693466e+00,2.968136e-08
81,3,7.492083e+04,7.629443e+03,5.600589e+03,3.297476e+05,1.300778e+03,5.795867e+00,2.964848e-08
81,4,2.189901e+01,1.047917e+00,7.312614e-01,2.619849e+04,1.033857e+02,1.236873e+00,4.975012e-08
81,5,2.069807e+01,9.931586e-01,6.932623e-01,2.278897e+04,8.973773e+01,8.493243e-01,4.705498e-08
81,6,1.915812e+01,9.220475e-01,6.437115e-01,2.089221e+04,8.215277e+01,7.179625e-01,4.594518e-08
82,1,6.640134e+09,6.756020e+08,4.960237e+08,7.611168e+09,3.141230e+07,1.664334e+05,2.402042e-08
82,2,8.115263e+04,8.262598e+03,6.065612e+03,2.133950e+05,8.509978e+02,4.578150e+00,2.408755e-08
82,3,7.371950e+04,7.506729e+03,5.510645e+03,2.707367e+05,1.069570e+03,4.844462e+00,2.410486e-08
82,4,2.261348e+01,1.067107e+00,7.463539e-01,1.537644e+04,6.107303e+01,7.279435e-01,3.774142e-08
82,5,2.121872e+01,1.010520e+00,7.073549e-01,1.454021e+04,5.772810e+01,6.874379e-01,3.613481e-08
82,6,1.941516e+01,9.323935e-01,6.516101e-01,1.359515e+04,5.399749e+01,6.312847e-01,3.376416e-08
83,1,6.821116e+09,6.939607e+08,5.095223e+08,7.763260e+09,3.199151e+07,1.688845e+05,3.152887e-08
83,2,7.958375e+04,8.102278e+03,5.948143e+03,2.179713e+05,8.674444e+02,4.486367e+00,3.147384e-08
83,3,7.177198e+04,7.307886e+03,5.364863e+03,2.640846e+05,1.048308e+03,1.421859e+01,3.178553e-08
83,4,2.066327e+01,9.985256e-01,6.896902e-01,3.719664e+03,4.768034e+01,3.443649e+00,2.487974e-08
84,1,6.877241e+09,6.996470e+08,5.137106e+08,7.847821e+09,3.231307e+07,1.701802e+05,3.889883e-08
84,2,7.910489e+04,8.053264e+03,5.912313e+03,2.228296e+05,8.857279e+02,4.532358e+00,3.884721e-08
84,3,7.183301e+04,7.313983e+03,5.369472e+03,3.562485e+05,1.402950e+03,6.862096e+00,3.895668e-08
84,4,2.284686e+01,1.039103e+00,7.265423e-01,2.099743e+04,8.243164e+01,6.580870e-01,2.571719e-08
84,5,2.185035e+01,1.001639e+00,7.006121e-01,2.062817e+04,8.098374e+01,6.405988e-01,2.578215e-08
84,6,2.066836e+01,9.542342e-01,6.676049e-01,2.019569e+04,7.927975e+01,6.198494e-01,2.591321e-08
85,1,6.938997e+09,7.058794e+08,5.182906e+08,7.976257e+09,3.280397e+07,1.722863e+05,2.572401e-08
85,2,7.799943e+04,7.940195e+03,5.829342e+03,2.293169e+05,9.106283e+02,4.564092e+00,2.566865e-08
85,3,7.065105e+04,7.193031e+03,5.280707e+03,3.368326e+05,1.325188e+03,6.815607e+00,2.557794e-08
85,4,2.128319e+01,9.925708e-01,6.941828e-01,2.068065e+04,8.106787e+01,6.350992e-01,3.472902e-08
86,1,6.971576e+09,7.091792e+08,5.207127e+08,8.007058e+09,3.292237e+07,1.727811e+05,4.057199e-08
86,2,7.752792e+04,7.892052e+03,5.793987e+03,2.282768e+05,9.064603e+02,4.531648e+00,4.048646e-08
86,3,7.031712e+04,7.158946e+03,5.255674e+03,2.954853e+05,1.162986e+03,5.397054e+00,4.062316e-08
86,4,2.236176e+01,1.081576e+00,7.573402e-01,2.036479e+04,7.995453e+01,6.888244e-01,2.800026e-08
86,5,2.140969e+01,1.043352e+00,7.307843e-01,1.959964e+04,7.696944e+01,6.668673e-01,2.795836e-08
86,6,2.015112e+01,9.894824e-01,6.923740e-01,1.862213e+04,7.315740e+01,6.382121e-01,2.770368e-08
87,1,7.109440e+09,7.231209e+08,5.309534e+08,8.070360e+09,3.316397e+07,1.737909e+05,2.476789e-08
87,2,7.633834e+04,7.770117e+03,5.704506e+03,2.225069e+05,8.832289e+02,4.343517e+00,2.472899e-08
87,3,6.931549e+04,7.056226e+03,5.180303e+03,2.092292e+05,8.282950e+02,6.771029e+00,2.471888e-08
87,4,2.298523e+01,1.132506e+00,7.846073e-01,2.068767e+03,3.227295e+01,3.348851e+00,1.939850e-08
87,5,2.144331e+01,1.066117e+00,7.408634e-01,9.235677e+03,4.107366e+01,1.362123e+00,4.104170e-08
87,6,1.835858e+01,9.300065e-01,6.402799e-01,1.084848e+04,4.488682e+01,1.170262e+00,3.676795e-08
88,1,7.514803e+09,7.643065e+08,5.612414e+08,8.034655e+09,3.303084e+07,1.732460e+05,2.206936e-08
88,2,7.445534e+04,7.578071e+03,5.563973e+03,1.976109e+05,7.855938e+02,3.753533e+00,2.201544e-08
88,3,6.775864e+04,6.897359e+03,5.064114e+03,1.610339e+05,6.387353e+02,4.494998e+00,2.203702e-08
88,4,2.331341e+01,9.740374e-01,6.796178e-01,9.214761e+03,3.647969e+01,4.672774e-01,3.033434e-08
89,1,7.577549e+09,7.706785e+08,5.659268e+08,8.016558e+09,3.296115e+07,1.729579e+05,3.987352e-08
89,2,7.435836e+04,7.568109e+03,5.556720e+03,1.937537e+05,7.703645e+02,3.678912e+00,3.995286e-08
89,3,6.699906e+04,6.814758e+03,5.003442e+03,4.788376e+05,1.975513e+03,6.082336e+01,4.852219e-08
89,4,6.682655e+01,3.320765e+01,2.347142e+01,2.421499e+05,1.120374e+03,5.373443e+01,2.436288e-08
89,5,6.331356e+01,3.075667e+01,2.173748e+01,2.250240e+05,1.039858e+03,4.975479e+01,2.459199e-08
90,1,7.597221e+09,7.724111e+08,5.671981e+08,8.045085e+09,3.307075e+07,1.734150e+05,2.849273e-08
90,2,7.427206e+04,7.556715e+03,5.548344e+03,1.957393e+05,7.781369e+02,3.704551e+00,2.864489e-08
90,3,6.823926e+04,6.943811e+03,5.098263e+03,2.130553e+05,8.417920e+02,4.562061e+00,2.878458e-08
90,4,2.494167e+01,1.034078e+00,7.191498e-01,1.160259e+04,4.579504e+01,5.280840e-01,2.599420e-08
90,5,2.374715e+01,9.882298e-01,6.872881e-01,1.115068e+04,4.401874e+01,5.074606e-01,2.634845e-08
90,6,2.227977e+01,9.322816e-01,6.484591e-01,1.060277e+04,4.187716e+01,4.828831e-01,2.680156e-08
91,1,7.782131e+09,7.914575e+08,5.812132e+08,8.166122e+09,3.353676e+07,1.754365e+05,3.626074e-08
91,2,7.341929e+04,7.472302e+03,5.486633e+03,2.005350e+05,7.968197e+02,3.700713e+00,3.596346e-08
91,3,6.664026e+04,6.783262e+03,4.980627e+03,2.586946e+05,1.031816e+03,1.539760e+01,3.588833e-08
91,4,2.176384e+01,1.028863e+00,7.210690e-01,2.147030e+04,9.669122e+01,3.544469e+00,4.083756e-08
91,5,2.075965e+01,9.902666e-01,6.944484e-01,1.909470e+04,8.410288e+01,2.914427e+00,3.883828e-08
91,6,1.972710e+01,9.507041e-01,6.666064e-01,1.711484e+04,7.425821e+01,2.462190e+00,3.764790e-08
92,1,7.898471e+09,8.032357e+08,5.898642e+08,8.258231e+09,3.388949e+07,1.769694e+05,3.188311e-08
92,2,7.273868e+04,7.402569e+03,5.435443e+03,2.045891e+05,8.124241e+02,3.733067e+00,3.197931e-08
92,3,6.628934e+04,6.747137e+03,4.954109e+03,3.182733e+05,1.251785e+03,6.917416e+00,3.183746e-08
92,4,2.317165e+01,9.968146e-01,6.964374e-01,1.866443e+04,7.325464e+01,5.602382e-01,3.326483e-08
93,1,7.952374e+09,8.087430e+08,5.939121e+08,8.282001e+09,3.397696e+07,1.772870e+05,4.304754e-08
93,2,7.210079e+04,7.337902e+03,5.387990e+03,2.012404e+05,7.983764e+02,3.661631e+00,4.308934e-08
93,3,6.520580e+04,6.637018e+03,4.873278e+03,1.807691e+05,7.141540e+02,6.911251e+00,4.315300e-08
93,4,2.133965e+01,1.071979e+00,7.467333e-01,9.928098e+03,4.073403e+01,7.782849e-01,4.861178e-08
93,5,2.052193e+01,1.032833e+00,7.190710e-01,9.332780e+03,3.823443e+01,6.952830e-01,4.885173e-08
93,6,1.952241e+01,9.851436e-01,6.851973e-01,8.539591e+03,3.506236e+01,6.239439e-01,4.925384e-08
94,1,8.113277e+09,8.251089e+08,6.059374e+08,8.418562e+09,3.450356e+07,1.795688e+05,2.135503e-08
94,2,7.162002e+04,7.289004e+03,5.352142e+03,2.100356e+05,8.329890e+02,3.796906e+00,2.137284e-08
94,3,6.485482e+04,6.601417e+03,4.847182e+03,2.549643e+05,1.002815e+03,4.485555e+00,2.132861e-08
94,4,2.109469e+01,1.055520e+00,7.421684e-01,1.328593e+04,5.242126e+01,5.334650e-01,4.581219e-08
95,1,8.194305e+09,8.333426e+08,6.119932e+08,8.342479e+09,3.421018e+07,1.782756e+05,2.341002e-08
95,2,7.115359e+04,7.241496e+03,5.317337e+03,1.950035e+05,7.736908e+02,3.541657e+00,2.337475e-08
95,3,6.424883e+04,6.539526e+03,4.801810e+03,1.516544e+05,6.008766e+02,2.887714e+00,2.334405e-08
95,4,2.204946e+01,1.221979e+00,7.577279e-01,7.605549e+03,3.052466e+01,5.465974e-01,3.137898e-08
95,5,2.087575e+01,1.102362e+00,7.267506e-01,6.764855e+03,2.731622e+01,5.306378e-01,3.374875e-08
95,6,1.948778e+01,1.009093e+00,6.850300e-01,5.457031e+03,2.243096e+01,5.087988e-01,3.528808e-08
96,1,8.427462e+09,8.570445e+08,6.294203e+08,8.333110e+09,3.417351e+07,1.780903e+05,2.948579e-08
96,2,7.064186e+04,7.189351e+03,5.279220e+03,1.859896e+05,7.381895e+02,3.385314e+00,2.939006e-08
96,3,6.472652e+04,6.588185e+03,4.837700e+03,1.912131e+05,7.556384e+02,4.342318e+00,2.943712e-08
96,4,2.393799e+01,1.021788e+00,7.163530e-01,8.669648e+03,3.444038e+01,5.382094e-01,4.413644e-08
96,5,2.309577e+01,9.877903e-01,6.925019e-01,8.448510e+03,3.356700e+01,5.235528e-01,4.435538e-08
96,6,2.208241e+01,9.470367e-01,6.639169e-01,8.191962e+03,3.255419e+01,5.060270e-01,4.482022e-08
97,1,8.567759e+09,8.713363e+08,6.399360e+08,8.341369e+09,3.420416e+07,1.781925e+05,1.567089e-08
97,2,7.012299e+04,7.136767e+03,5.240766e+03,1.810586e+05,7.184560e+02,3.305156e+00,1.560708e-08
97,3,6.363757e+04,6.477536e+03,4.756595e+03,1.670635e+05,6.612364e+02,3.372386e+00,1.561697e-08
97,4,2.171584e+01,1.105361e+00,7.769205e-01,5.838024e+03,2.382379e+01,5.774349e-01,4.541798e-08
97,5,1.997038e+01,1.018849e+00,7.158525e-01,5.114095e+03,2.099670e+01,5.391428e-01,4.494899e-08
97,6,1.779020e+01,9.097396e-01,6.391253e-01,4.269264e+03,1.773810e+01,4.917154e-01,4.593965e-08
98,1,8.942586e+09,9.093743e+08,6.678973e+08,8.411894e+09,3.447438e+07,1.793125e+05,4.352799e-08
98,2,6.895313e+04,7.017119e+03,5.153092e+03,1.746768e+05,6.929266e+02,3.191036e+00,4.324490e-08
98,3,6.237318e+04,6.348322e+03,4.661880e+03,1.450926e+05,5.735855e+02,3.256963e+00,4.056840e-08
98,4,2.007087e+01,9.961274e-01,6.968258e-01,1.468840e+03,9.354286e+00,5.978556e-01,2.869373e-08
98,5,1.952235e+01,9.702314e-01,6.811490e-01,2.550827e+03,1.193335e+01,4.570028e-01,2.891292e-08
98,6,1.887743e+01,9.409978e-01,6.612357e-01,3.045781e+03,1.344141e+01,4.493574e-01,3.072031e-08
99,1,9.062680e+09,9.214908e+08,6.768033e+08,8.404271e+09,3.444581e+07,1.791589e+05,1.916197e-08
99,2,6.865477e+04,6.986035e+03,5.130317e+03,1.701565e+05,6.752918e+02,3.116359e+00,1.912342e-08
99,3,6.267401e+04,6.378201e+03,4.683870e+03,1.254007e+05,4.977138e+02,2.427277e+00,1.909909e-08
99,4,2.265323e+01,9.853380e-01,6.890145e-01,6.563132e+02,8.841028e+00,4.725255e-01,3.107274e-08
100,1,9.252625e+09,9.408580e+08,6.910380e+08,8.397212e+09,3.441980e+07,1.791163e+05,2.783539e-08
100,2,6.846337e+04,6.966953e+03,5.116378e+03,1.665564e+05,6.610074e+02,3.051514e+00,3.613937e-08
100,3,6.197628e+04,6.307486e+03,4.632011e+03,2.123815e+05,8.382281e+02,8.509462e+00,3.906277e-08
100,4,2.110288e+01,1.083164e+00,7.436443e-01,5.717589e+04,2.279856e+02,6.565439e+00,3.679376e-08
100,5,1.930636e+01,9.856857e-01,6.863018e-01,8.424881e+03,3.436013e+01,1.115439e+00,4.817387e-08
100,6,1.672973e+01,8.549779e-01,5.987048e-01,5.635518e+03,2.376966e+01,8.776438e-01,4.933705e-08
101,1,9.772810e+09,9.937035e+08,7.298913e+08,8.464420e+09,3.467556e+07,1.801834e+05,2.306117e-08
101,2,6.707593e+04,6.825471e+03,5.012741e+03,1.595670e+05,6.328379e+02,2.916957e+00,2.323305e-08
101,3,6.085913e+04,6.193510e+03,4.548543e+03,1.593494e+05,6.294409e+02,3.166113e+00,2.397841e-08
101,4,2.024776e+01,1.010590e+00,7.046136e-01,3.655716e+03,1.638543e+01,5.520990e-01,4.813785e-08
101,5,1.881025e+01,9.509078e-01,6.592812e-01,3.961593e+03,1.780708e+01,5.628459e-01,4.918243e-08
101,6,1.425651e+01,7.509006e-01,5.006421e-01,3.208910e+03,1.981158e+01,9.550929e-01,2.389468e-08
102,1,1.044343e+10,1.061701e+09,7.798709e+08,8.789318e+09,3.592491e+07,1.855178e+05,4.518941e-08
102,2,6.545685e+04,6.659558e+03,4.891098e+03,1.752789e+05,6.942197e+02,3.126237e+00,4.513422e-08
102,3,5.953463e+04,6.057790e+03,4.449051e+03,2.675283e+05,1.050860e+03,5.522695e+00,4.802182e-08
102,4,2.162245e+01,9.821845e-01,6.878939e-01,1.536949e+04,6.196893e+01,1.144935e+00,4.560909e-08
102,5,2.070286e+01,9.562201e-01,6.703597e-01,1.585105e+04,6.382882e+01,1.172169e+00,4.628322e-08
102,6,1.923311e+01,9.168117e-01,6.442312e-01,1.650170e+04,6.633091e+01,1.204046e+00,4.700211e-08
103,1,1.059576e+10,1.077184e+09,7.912531e+08,8.749924e+09,3.576983e+07,1.847479e+05,3.707230e-08
103,2,6.449447e+04,6.561668e+03,4.819255e+03,1.610992e+05,6.381327e+02,2.908830e+00,3.721645e-08
103,3,5.852811e+04,5.955330e+03,4.373854e+03,1.480029e+05,5.836903e+02,5.259560e+00,3.720835e-08
103,4,1.999607e+01,1.011452e+00,7.111057e-01,4.519965e+03,2.542301e+01,1.102843e+00,4.291833e-08
103,5,1.875366e+01,9.526938e-01,6.699460e-01,1.011462e+03,1.407616e+01,5.772909e-01,4.179586e-08
103,6,1.726567e+01,8.810657e-01,6.193282e-01,2.033569e+03,1.352700e+01,4.589405e-01,4.227833e-08
104,1,1.090457e+10,1.108484e+09,8.142675e+08,8.754773e+09,3.579042e+07,1.848124e+05,2.550505e-08
104,2,6.366552e+04,6.476817e+03,4.757064e+03,1.531359e+05,6.066793e+02,2.776344e+00,2.547156e-08
104,3,5.768418e+04,5.868996e+03,4.310563e+03,1.590399e+05,6.275330e+02,4.219112e+00,2.549850e-08
104,4,1.915360e+01,9.690392e-01,6.799900e-01,8.783086e+03,3.639700e+01,1.262877e+00,2.905907e-08
104,5,1.802044e+01,9.165855e-01,6.431065e-01,6.171846e+03,2.638326e+01,9.581424e-01,2.670021e-08
104,6,1.618209e+01,8.274538e-01,5.805160e-01,3.814310e+03,1.792569e+01,7.316878e-01,4.982139e-08
105,1,1.138926e+10,1.157604e+09,8.503612e+08,8.858147e+09,3.618820e+07,1.863942e+05,4.258860e-08
105,2,6.251399e+04,6.358905e+03,4.670518e+03,1.539005e+05,6.093365e+02,2.774186e+00,4.288193e-08
105,3,5.675802e+04,5.774080e+03,4.240899e+03,2.219514e+05,8.737893e+02,7.469182e+00,4.296144e-08
105,4,1.858106e+01,9.146043e-01,6.416721e-01,1.538572e+04,6.219028e+01,1.832855e+00,3.408577e-08
105,5,1.765100e+01,8.761199e-01,6.151886e-01,9.646092e+03,3.867482e+01,8.953810e-01,3.152611e-08
105,6,1.647243e+01,8.261979e-01,5.803700e-01,7.787346e+03,3.120872e+01,5.965869e-01,3.065823e-08
106,1,1.162572e+10,1.181514e+09,8.679343e+08,9.009153e+09,3.676954e+07,1.887984e+05,2.358168e-08
106,2,6.150248e+04,6.255412e+03,4.594547e+03,1.599134e+05,6.326731e+02,2.859867e+00,2.360940e-08
106,3,5.558105e+04,5.653836e+03,4.152611e+03,1.923221e+05,7.564514e+02,7.085097e+00,2.358068e-08
106,4,1.744789e+01,8.819678e-01,6.189201e-01,3.935772e+03,2.080708e+01,8.725350e-01,4.348599e-08
106,5,1.691168e+01,8.570704e-01,6.011716e-01,4.198488e+03,2.153221e+01,8.346052e-01,4.222084e-08
106,6,1.619888e+01,8.225529e-01,5.768358e-01,4.786816e+03,2.253562e+01,7.093737e-01,4.077458e-08
107,1,1.178636e+10,1.197770e+09,8.798872e+08,8.986011e+09,3.668140e+07,1.884629e+05,4.887627e-08
107,2,6.094327e+04,6.198200e+03,4.552582e+03,1.528604e+05,6.048693e+02,2.742162e+00,4.920828e-08
107,3,5.532349e+04,5.627343e+03,4.133196e+03,1.558435e+05,6.138069e+02,4.534742e+00,4.924315e-08
107,4,1.804997e+01,8.939098e-01,6.243606e-01,2.111811e+03,1.392110e+01,6.634166e-01,3.755064e-08
107,5,1.708944e+01,8.606145e-01,6.022589e-01,1.195320e+03,1.228060e+01,5.083486e-01,3.558972e-08
107,6,1.581474e+01,8.010076e-01,5.614233e-01,1.798188e+03,1.190815e+01,4.399150e-01,3.308791e-08
108,1,1.207527e+10,1.227035e+09,9.013920e+08,9.034104e+09,3.686583e+07,1.891766e+05,2.935863e-08
108,2,6.017893e+04,6.120027e+03,4.495192e+03,1.491891e+05,5.901926e+02,2.692779e+00,2.931298e-08
108,3,5.432959e+04,5.525663e+03,4.058551e+03,1.265930e+05,4.985906e+02,2.981315e+00,2.939451e-08
108,4,1.729381e+01,9.153410e-01,6.054194e-01,1.018094e+03,8.363942e+00,4.335472e-01,4.241261e-08
108,5,1.636261e+01,8.548566e-01,5.764226e-01,4.138930e+02,7.403961e+00,4.142925e-01,4.742509e-08
108,6,1.519090e+01,7.900280e-01,5.377139e-01,1.209922e+03,7.793342e+00,3.895190e-01,4.688559e-08
109,1,1.243840e+10,1.263852e+09,9.284739e+08,9.015254e+09,3.678957e+07,1.888818e+05,3.293466e-08
109,2,5.956380e+04,6.057095e+03,4.449136e+03,1.398679e+05,5.533178e+02,2.559184e+00,3.294123e-08
109,3,5.387310e+04,5.479036e+03,4.024451e+03,4.534794e+04,1.951632e+02,4.828385e+00,3.296175e-08
109,4,1.695530e+01,8.595739e-01,5.919538e-01,4.410376e+04,1.763325e+02,3.308389e+00,3.365822e-08
109,5,1.614573e+01,8.244291e-01,5.739694e-01,2.863121e+04,1.141497e+02,1.700444e+00,2.740167e-08
110,1,1.283697e+10,1.304242e+09,9.581771e+08,9.045224e+09,3.690728e+07,1.894084e+05,3.117643e-08
110,2,5.943568e+04,6.043565e+03,4.439345e+03,1.408014e+05,5.573615e+02,2.596281e+00,3.115220e-08
110,3,5.408026e+04,5.499680e+03,4.039757e+03,2.135059e+05,8.390916e+02,3.972122e+00,3.116632e-08
110,4,1.955523e+01,8.480417e-01,5.946270e-01,5.660289e+03,2.264290e+01,3.084491e-01,4.735470e-08
111,1,1.292742e+10,1.313428e+09,9.649265e+08,9.124215e+09,3.721160e+07,1.906846e+05,2.791608e-08
111,2,5.912551e+04,6.012018e+03,4.416174e+03,1.445791e+05,5.724592e+02,2.658341e+00,2.787120e-08
111,3,5.345217e+04,5.435745e+03,3.992793e+03,2.017596e+05,7.929521e+02,5.798017e+00,2.803605e-08
111,4,1.880682e+01,1.119852e+00,6.524785e-01,1.144643e+04,4.608279e+01,6.480471e-01,3.410178e-08
112,1,1.320186e+10,1.341312e+09,9.854200e+08,9.212448e+09,3.754591e+07,1.920948e+05,3.560814e-08
112,2,5.845043e+04,5.943389e+03,4.365799e+03,1.432343e+05,5.664592e+02,2.636636e+00,3.553648e-08
112,3,5.271117e+04,5.360126e+03,3.937279e+03,1.199143e+05,4.718293e+02,3.930038e+00,3.519158e-08
112,4,1.880941e+01,9.821269e-01,6.715238e-01,6.122581e+03,2.467904e+01,5.173566e-01,4.645926e-08
112,5,1.846886e+01,9.659045e-01,6.592818e-01,6.494158e+03,2.616762e+01,5.461695e-01,4.696014e-08
112,6,1.802526e+01,9.464486e-01,6.428579e-01,7.137470e+03,2.874961e+01,5.921853e-01,4.784392e-08
113,1,1.333104e+10,1.354413e+09,9.950457e+08,9.233648e+09,3.763086e+07,1.924395e+05,2.749182e-08
113,2,5.817458e+04,5.915258e+03,4.345135e+03,1.446752e+05,5.723790e+02,2.669317e+00,2.749570e-08
113,3,5.294918e+04,5.384580e+03,3.955240e+03,2.302785e+05,9.048585e+02,6.066302e+00,2.746291e-08
113,4,2.077712e+01,9.378652e-01,6.591910e-01,7.602268e+03,3.072687e+01,3.858698e-01,2.353396e-08
114,1,1.343366e+10,1.364844e+09,1.002706e+09,9.302621e+09,3.789672e+07,1.934469e+05,2.557375e-08
114,2,5.777736e+04,5.874899e+03,4.315473e+03,1.476666e+05,5.841069e+02,2.719051e+00,2.553036e-08
114,3,5.223961e+04,5.312402e+03,3.902205e+03,2.207734e+05,8.683046e+02,4.017514e+00,2.550197e-08
114,4,1.884291e+01,9.678978e-01,6.796980e-01,9.182965e+03,3.637131e+01,3.670769e-01,2.737759e-08
115,1,1.350239e+10,1.371808e+09,1.007831e+09,9.315937e+09,3.794799e+07,1.936772e+05,4.010357e-08
115,2,5.754269e+04,5.850967e+03,4.297929e+03,1.454665e+05,5.753860e+02,2.683035e+00,3.997442e-08
115,3,5.209490e+04,5.297603e+03,3.891368e+03,1.434451e+05,5.643952e+02,4.191271e+00,4.000608e-08
115,4,1.990287e+01,1.053809e+00,7.228710e-01,1.011536e+03,1.319742e+01,4.493184e-01,3.807013e-08
115,5,1.829707e+01,9.625369e-01,6.664195e-01,1.705522e+03,1.503853e+01,6.020367e-01,3.720295e-08
115,6,1.582860e+01,8.326044e-01,5.857602e-01,3.603879e+03,1.772645e+01,4.811436e-01,3.442870e-08
116,1,1.405819e+10,1.428170e+09,1.049262e+09,9.319848e+09,3.796178e+07,1.937755e+05,4.852599e-08
116,2,5.642272e+04,5.736709e+03,4.214088e+03,1.335365e+05,5.281024e+02,2.505774e+00,4.858811e-08
116,3,5.106202e+04,5.192211e+03,3.814037e+03,1.826340e+05,7.171234e+02,4.377199e+00,4.933479e-08
116,4,1.830626e+01,8.953870e-01,6.277591e-01,3.856665e+03,1.638488e+01,3.607074e-01,3.772180e-08
117,1,1.407864e+10,1.430246e+09,1.050788e+09,9.399992e+09,3.826940e+07,1.950625e+05,3.993789e-08
117,2,5.638399e+04,5.732765e+03,4.211193e+03,1.402822e+05,5.544507e+02,2.606973e+00,3.994597e-08
117,3,5.076490e+04,5.162050e+03,3.791880e+03,4.535339e+05,1.830352e+03,4.226101e+01,3.673925e-08
117,4,1.801049e+01,9.777988e-01,6.365422e-01,2.250536e+05,8.975243e+02,1.604478e+01,2.988445e-08
117,5,1.798197e+01,9.746108e-01,6.360018e-01,2.210585e+05,8.816026e+02,1.576447e+01,2.992669e-08
117,6,1.788128e+01,9.636621e-01,6.340321e-01,2.071216e+05,8.260746e+02,1.478310e+01,2.863628e-08
118,1,1.410312e+10,1.432730e+09,1.052615e+09,9.382982e+09,3.820414e+07,1.948690e+05,3.087848e-08
118,2,5.639644e+04,5.734019e+03,4.212124e+03,1.390675e+05,5.497116e+02,2.590034e+00,3.092202e-08
118,3,5.157446e+04,5.244351e+03,3.852346e+03,1.771019e+05,6.947060e+02,3.305025e+00,3.081908e-08
118,4,2.086478e+01,9.118496e-01,6.391281e-01,5.166798e+03,2.146419e+01,4.213206e-01,4.427499e-08
119,1,1.428714e+10,1.451424e+09,1.066357e+09,9.404113e+09,3.828468e+07,1.951594e+05,4.726993e-08
119,2,5.603765e+04,5.697552e+03,4.185364e+03,1.352163e+05,5.343473e+02,2.530335e+00,4.719062e-08
119,3,5.055088e+04,5.139951e+03,3.775682e+03,1.406622e+05,5.516060e+02,2.748692e+00,4.710800e-08
119,4,2.361533e+01,3.715752e+00,2.535625e+00,9.375877e+03,3.798315e+01,7.506339e-01,3.376685e-08
120,1,1.466706e+10,1.490004e+09,1.094720e+09,9.506485e+09,3.867505e+07,1.967849e+05,3.846895e-08
120,2,5.568708e+04,5.661860e+03,4.159215e+03,1.382517e+05,5.456203e+02,2.572206e+00,3.837507e-08
120,3,5.048945e+04,5.133975e+03,3.771355e+03,9.824800e+04,3.865157e+02,2.457132e+00,3.837318e-08
120,4,2.026781e+01,1.050730e+00,7.397072e-01,3.176112e+03,1.453675e+01,3.820676e-01,3.638709e-08
121,1,1.491247e+10,1.514911e+09,1.113024e+09,9.500634e+09,3.865203e+07,1.966514e+05,2.691220e-08
121,2,5.554561e+04,5.647387e+03,4.148601e+03,1.356565e+05,5.354471e+02,2.531942e+00,2.641066e-08
121,3,5.040807e+04,5.125650e+03,3.765258e+03,2.141814e+05,8.394721e+02,5.438306e+00,2.661328e-08
121,4,2.105520e+01,1.043608e+00,7.337376e-01,5.539987e+03,2.301034e+01,4.322322e-01,4.504114e-08
122,1,1.499119e+10,1.522891e+09,1.118885e+09,9.587207e+09,3.898498e+07,1.981249e+05,3.481364e-08
122,2,5.530030e+04,5.622393e+03,4.130232e+03,1.429848e+05,5.639893e+02,2.638360e+00,3.472148e-08
122,3,4.982280e+04,5.063549e+03,3.719600e+03,2.997643e+05,1.173746e+03,5.103734e+00,3.464540e-08
122,4,1.251174e+02,7.450153e+01,5.267879e+01,3.407403e+05,1.352119e+03,2.251629e+01,2.564399e-08
123,1,1.502562e+10,1.526395e+09,1.121458e+09,9.604416e+09,3.904927e+07,1.983170e+05,4.925431e-08
123,2,5.505280e+04,5.597260e+03,4.111764e+03,1.410519e+05,5.560907e+02,2.607228e+00,4.931334e-08
123,3,4.978042e+04,5.061786e+03,3.718329e+03,1.860437e+05,7.286487e+02,5.081348e+00,4.938050e-08
123,4,2.066081e+01,1.084461e+00,7.645108e-01,4.371720e+03,1.906764e+01,4.361983e-01,2.421107e-08
124,1,1.515413e+10,1.539435e+09,1.131048e+09,9.608857e+09,3.906585e+07,1.983613e+05,4.391598e-08
124,2,5.477483e+04,5.568951e+03,4.090999e+03,1.374951e+05,5.419836e+02,2.549918e+00,4.377328e-08
124,3,4.940547e+04,5.023401e+03,3.690160e+03,1.574120e+05,6.172250e+02,2.938684e+00,4.370851e-08
124,4,2.401069e+01,2.646368e+00,1.705413e+00,3.902139e+03,1.718922e+01,4.347527e-01,3.427943e-08
125,1,1.546761e+10,1.571254e+09,1.154451e+09,1.009833e+10,4.095128e+07,2.061156e+05,2.948877e-08
125,2,5.441268e+04,5.532042e+03,4.063971e+03,1.823419e+05,7.172496e+02,3.233354e+00,3.026561e-08
125,3,4.920976e+04,5.003800e+03,3.675820e+03,3.755376e+05,1.468965e+03,6.263788e+00,4.936677e-08
125,4,2.205865e+01,1.173625e+00,8.293579e-01,2.764639e+04,1.082316e+02,7.101232e-01,3.777668e-08
125,5,2.139155e+01,1.139298e+00,8.053003e-01,2.742349e+04,1.073551e+02,7.127844e-01,4.662600e-08
126,1,1.551459e+10,1.576017e+09,1.157944e+09,1.017886e+10,4.126039e+07,2.073495e+05,4.635609e-08
126,2,5.374780e+04,5.464437e+03,4.014284e+03,1.828536e+05,7.190463e+02,3.233713e+00,4.634430e-08
126,3,4.848819e+04,4.930418e+03,3.621892e+03,2.371577e+05,9.297188e+02,4.273989e+00,4.633961e-08
126,4,2.226834e+01,1.197712e+00,8.473542e-01,3.451964e+04,1.351088e+02,8.279400e-01,3.405800e-08
127,1,1.572676e+10,1.597554e+09,1.173767e+09,9.743148e+09,3.958297e+07,2.005121e+05,2.476346e-08
127,2,5.322161e+04,5.410900e+03,3.974950e+03,1.366683e+05,5.386446e+02,2.514913e+00,2.467969e-08
127,3,4.820641e+04,4.901549e+03,3.600700e+03,9.171514e+04,3.606452e+02,3.940185e+00,2.466047e-08
127,4,2.340294e+01,1.257659e+00,8.900532e-01,5.790095e+03,2.454973e+01,4.817144e-01,3.684652e-08
127,5,2.206820e+01,1.187467e+00,8.404789e-01,4.912698e+03,2.131111e+01,4.542712e-01,3.691998e-08
127,6,2.026837e+01,1.092511e+00,7.734797e-01,3.781530e+03,1.725607e+01,4.394866e-01,3.761380e-08
128,1,1.625498e+10,1.651148e+09,1.213129e+09,9.715385e+09,3.947744e+07,2.001199e+05,3.395122e-08
128,2,5.271862e+04,5.359585e+03,3.937201e+03,1.242932e+05,4.901535e+02,2.324428e+00,3.370962e-08
128,3,4.764825e+04,4.844580e+03,3.558809e+03,7.089115e+04,2.795938e+02,1.543496e+00,3.367459e-08
128,4,2.185262e+01,1.167811e+00,8.249089e-01,7.520104e+02,9.372251e+00,4.177344e-01,2.397443e-08
128,5,2.073677e+01,1.109817e+00,7.853017e-01,1.000590e+03,9.078100e+00,3.950728e-01,2.151356e-08
128,6,1.932460e+01,1.037242e+00,7.344738e-01,1.413323e+03,9.102821e+00,3.662714e-01,2.165423e-08
129,1,1.669284e+10,1.695555e+09,1.245748e+09,9.732207e+09,3.954184e+07,2.003569e+05,4.421925e-08
129,2,5.234491e+04,5.321386e+03,3.909112e+03,1.246580e+05,4.914841e+02,2.327421e+00,4.380708e-08
129,3,4.739627e+04,4.818798e+03,3.539844e+03,8.544314e+04,3.381788e+02,5.460082e+00,4.381339e-08
129,4,2.106755e+01,1.108182e+00,7.811819e-01,6.698614e+03,2.732898e+01,8.194112e-01,3.639686e-08
129,5,2.044781e+01,1.078602e+00,7.607316e-01,5.713088e+03,2.370451e+01,7.404678e-01,3.541166e-08
129,6,1.951422e+01,1.033140e+00,7.294302e-01,5.033324e+03,2.131693e+01,7.380406e-01,3.502608e-08
130,1,1.699983e+10,1.726665e+09,1.268584e+09,9.768117e+09,3.967993e+07,2.009082e+05,1.712110e-08
130,2,5.195051e+04,5.281093e+03,3.879447e+03,1.254946e+05,4.948208e+02,2.336808e+00,1.711598e-08
130,3,4.709118e+04,4.787612e+03,3.516874e+03,9.984172e+04,3.918635e+02,2.683403e+00,1.709357e-08
130,4,2.034012e+01,1.053018e+00,7.426947e-01,5.474705e+03,2.312636e+01,4.613294e-01,2.418794e-08
131,1,1.715043e+10,1.741945e+09,1.279801e+09,9.721752e+09,3.950196e+07,2.002018e+05,4.038285e-08
131,2,5.187285e+04,5.273148e+03,3.873582e+03,1.205209e+05,4.753531e+02,2.255866e+00,4.045032e-08
131,3,4.685690e+04,4.763759e+03,3.499328e+03,1.375471e+05,5.402836e+02,3.543919e+00,4.066069e-08
131,4,2.013552e+01,1.076015e+00,7.622585e-01,8.424252e+03,3.432506e+01,4.979827e-01,3.957476e-08
132,1,1.748382e+10,1.775802e+09,1.304670e+09,9.729397e+09,3.953009e+07,2.003217e+05,4.381902e-08
132,2,5.159588e+04,5.244986e+03,3.852878e+03,1.173393e+05,4.623805e+02,2.192853e+00,4.383843e-08
132,3,4.657399e+04,4.734841e+03,3.478075e+03,1.698263e+05,6.661412e+02,3.458532e+00,4.402967e-08
132,4,2.082623e+01,1.109244e+00,7.851252e-01,1.178080e+04,4.672704e+01,5.321312e-01,4.721609e-08
132,5,2.045646e+01,1.089140e+00,7.708747e-01,1.154518e+04,4.579336e+01,5.220407e-01,4.437034e-08
132,6,2.000940e+01,1.065131e+00,7.537929e-01,1.115259e+04,4.425229e+01,5.086833e-01,2.960449e-08
133,1,1.759389e+10,1.786905e+09,1.312825e+09,9.743392e+09,3.958461e+07,2.005517e+05,3.433533e-08
133,2,5.136676e+04,5.221481e+03,3.835603e+03,1.169524e+05,4.609525e+02,2.185386e+00,3.459058e-08
133,3,4.657652e+04,4.735005e+03,3.478187e+03,1.463257e+05,5.737060e+02,3.421612e+00,3.467396e-08
133,4,2.097602e+01,1.095330e+00,7.728785e-01,7.410080e+03,3.018940e+01,4.776148e-01,4.396461e-08
133,5,2.041021e+01,1.067641e+00,7.533537e-01,7.181071e+03,2.927097e+01,4.642039e-01,4.400765e-08
133,6,1.970725e+01,1.033204e+00,7.290893e-01,7.008377e+03,2.854767e+01,4.490223e-01,4.387119e-08
134,1,1.778174e+10,1.805968e+09,1.326822e+09,9.827981e+09,3.990960e+07,2.018762e+05,3.845946e-08
134,2,5.102533e+04,5.186748e+03,3.810062e+03,1.215905e+05,4.790165e+02,2.253724e+00,3.836570e-08
134,3,4.618532e+04,4.695193e+03,3.448911e+03,1.494411e+05,5.863703e+02,3.853522e+00,3.860430e-08
134,4,2.029862e+01,1.075149e+00,7.596767e-01,9.085147e+03,3.644092e+01,4.891276e-01,3.971256e-08
134,5,1.970147e+01,1.044460e+00,7.381832e-01,8.976829e+03,3.597768e+01,4.764997e-01,3.956861e-08
134,6,1.897369e+01,1.007084e+00,7.120212e-01,8.841468e+03,3.540305e+01,4.728912e-01,3.947649e-08
135,1,1.798962e+10,1.827032e+09,1.342294e+09,9.829573e+09,3.991611e+07,2.019329e+05,2.601232e-08
135,2,5.068486e+04,5.152021e+03,3.784542e+03,1.165530e+05,4.593965e+02,2.171949e+00,2.596052e-08
135,3,4.581485e+04,4.657396e+03,3.421143e+03,1.057802e+05,4.154805e+02,1.976511e+00,2.595484e-08
135,4,2.051829e+01,1.233386e+00,7.479759e-01,2.589257e+03,1.397658e+01,4.012797e-01,2.602163e-08
136,1,1.865323e+10,1.894471e+09,1.391829e+09,9.736564e+09,3.955786e+07,2.004949e+05,3.656748e-08
136,2,5.041321e+04,5.124515e+03,3.764307e+03,1.026320e+05,4.045348e+02,1.934698e+00,3.662366e-08
136,3,4.547262e+04,4.622601e+03,3.395567e+03,5.515194e+04,2.178140e+02,1.669691e+00,3.664048e-08
136,4,2.118690e+01,1.202304e+00,7.842628e-01,7.568025e+03,3.001015e+01,3.270267e-01,2.788372e-08
136,5,1.865379e+01,1.005801e+00,7.137892e-01,3.627406e+03,1.517736e+01,3.052361e-01,2.724671e-08
137,1,1.938066e+10,1.968347e+09,1.446105e+09,9.899815e+09,4.018416e+07,2.030860e+05,3.666045e-08
137,2,5.023325e+04,5.106220e+03,3.750866e+03,1.172003e+05,4.616416e+02,2.137951e+00,3.663878e-08
137,3,4.548631e+04,4.624197e+03,3.396729e+03,3.902940e+05,1.532577e+03,9.903525e+00,3.718465e-08
137,4,2.147376e+01,1.133731e+00,8.000976e-01,2.708322e+04,1.062650e+02,7.535422e-01,4.408937e-08
137,5,2.114118e+01,1.117595e+00,7.886577e-01,3.012817e+04,1.182224e+02,8.986646e-01,4.498522e-08
137,6,2.065130e+01,1.094021e+00,7.718900e-01,3.561637e+04,1.397952e+02,1.157832e+00,4.718663e-08
138,1,1.940069e+10,1.970284e+09,1.447546e+09,1.001466e+10,4.062253e+07,2.048378e+05,2.498698e-08
138,2,4.959467e+04,5.041091e+03,3.703069e+03,1.207965e+05,4.754726e+02,2.190568e+00,2.498725e-08
138,3,4.498112e+04,4.572620e+03,3.358880e+03,1.419491e+05,5.572043e+02,2.466580e+00,2.505163e-08
138,4,2.114905e+01,1.129393e+00,7.983807e-01,1.295083e+04,5.117982e+01,5.065958e-01,3.386588e-08
138,5,2.009124e+01,1.078099e+00,7.631187e-01,1.290931e+04,5.098248e+01,4.887117e-01,3.363269e-08
138,6,1.872613e+01,1.007596e+00,7.136887e-01,1.162148e+04,4.592150e+01,4.500068e-01,3.294905e-08
139,1,1.985513e+10,2.016291e+09,1.481356e+09,9.906603e+09,4.020929e+07,2.031798e+05,1.807331e-08
139,2,4.904804e+04,4.985204e+03,3.662035e+03,1.040646e+05,4.098549e+02,1.930649e+00,1.800983e-08
139,3,4.442531e+04,4.515714e+03,3.317105e+03,6.888213e+04,2.713829e+02,1.342336e+00,1.800992e-08
139,4,1.989055e+01,1.066290e+00,7.555593e-01,3.417546e+03,1.531111e+01,3.499779e-01,4.098257e-08
139,5,1.845264e+01,9.913304e-01,7.026858e-01,2.498565e+03,1.216414e+01,3.759749e-01,3.218611e-08
139,6,1.604162e+01,8.653590e-01,6.101197e-01,8.632647e+02,7.707817e+00,4.026672e-01,3.733958e-08
140,1,2.082851e+10,2.114946e+09,1.553876e+09,9.923468e+09,4.027288e+07,2.034850e+05,2.982567e-08
140,2,4.846267e+04,4.925298e+03,3.618115e+03,9.821456e+04,3.867826e+02,1.822258e+00,2.992721e-08
140,3,4.443495e+04,4.516333e+03,3.317642e+03,1.356482e+05,5.328790e+02,2.895483e+00,2.980979e-08
140,4,2.060902e+01,9.427653e-01,6.639689e-01,6.132784e+03,2.480402e+01,3.388862e-01,4.612659e-08
140,5,1.888015e+01,8.659468e-01,6.098676e-01,6.241771e+03,2.510774e+01,3.427067e-01,4.574765e-08
140,6,1.684260e+01,7.762000e-01,5.466842e-01,6.299052e+03,2.521700e+01,3.434611e-01,4.507257e-08
141,1,2.155868e+10,2.189155e+09,1.608406e+09,9.914744e+09,4.023970e+07,2.033844e+05,4.740456e-08
141,2,4.753734e+04,4.831464e+03,3.549195e+03,8.801566e+04,3.466970e+02,1.655972e+00,4.766260e-08
141,3,4.282719e+04,4.353008e+03,3.197679e+03,1.059581e+05,4.197425e+02,5.592041e+00,4.402545e-08
141,4,1.647339e+01,8.701026e-01,6.056015e-01,5.599551e+03,2.236027e+01,3.378209e-01,3.345450e-08
142,1,2.161820e+10,2.195194e+09,1.612846e+09,9.983255e+09,4.050181e+07,2.043695e+05,4.044270e-08
142,2,4.757509e+04,4.835286e+03,3.552009e+03,9.397838e+04,3.700206e+02,1.745396e+00,4.041856e-08
142,3,4.317653e+04,4.388629e+03,3.223849e+03,7.458003e+04,2.972458e+02,4.708213e+00,4.022092e-08
142,4,1.760264e+01,9.394978e-01,6.517713e-01,1.006865e+05,3.970659e+02,4.188318e+00,3.158235e-08
143,1,2.237859e+10,2.272354e+09,1.669550e+09,9.885419e+09,4.012618e+07,2.028387e+05,2.981004e-08
143,2,4.760542e+04,4.838253e+03,3.554219e+03,8.483227e+04,3.340271e+02,1.590848e+00,2.986679e-08
143,3,4.357681e+04,4.429191e+03,3.253678e+03,5.288079e+04,2.085305e+02,1.435770e+00,2.994320e-08
143,4,1.795682e+01,9.482648e-01,6.697232e-01,5.549884e+03,2.344061e+01,7.137867e-01,2.875183e-08
143,5,1.481589e+01,7.907856e-01,5.603792e-01,6.320662e+03,2.510093e+01,4.089242e-01,2.642191e-08
143,6,1.085028e+01,5.828205e-01,4.137621e-01,4.565791e+03,1.813315e+01,3.622612e-01,2.600504e-08
144,1,2.480659e+10,2.518443e+09,1.850387e+09,9.869837e+09,4.006500e+07,2.025595e+05,4.677267e-08
144,2,4.630552e+04,4.705375e+03,3.456654e+03,7.328034e+04,2.883659e+02,1.370748e+00,4.672819e-08
144,3,4.197433e+04,4.265558e+03,3.133522e+03,1.411329e+04,5.842896e+01,1.080832e+00,4.690730e-08
144,4,1.427592e+01,7.402631e-01,5.230624e-01,1.010677e+04,3.983132e+01,3.318301e-01,4.449376e-08
144,5,1.291067e+01,6.751439e-01,4.781173e-01,1.200575e+04,4.720352e+01,3.570696e-01,4.467329e-08
144,6,9.681178e+00,5.142619e-01,3.620441e-01,1.694991e+04,6.646584e+01,4.198920e-01,4.457732e-08
145,1,2.736162e+10,2.777457e+09,2.040751e+09,9.904737e+09,4.020220e+07,2.032028e+05,4.144394e-08
145,2,4.545244e+04,4.618111e+03,3.392636e+03,6.957392e+04,2.738228e+02,1.278065e+00,4.139620e-08
145,3,4.110478e+04,4.176689e+03,3.068318e+03,1.769419e+05,6.921639e+02,3.527401e+00,4.305635e-08
145,4,1.216844e+01,5.989646e-01,4.207945e-01,5.174613e+03,2.066060e+01,2.494316e-01,2.606888e-08
146,1,2.755990e+10,2.797562e+09,2.055511e+09,1.001259e+10,4.061588e+07,2.048220e+05,4.050598e-08
146,2,4.517887e+04,4.590291e+03,3.372177e+03,7.573627e+04,2.977232e+02,1.369462e+00,4.045346e-08
146,3,4.069286e+04,4.134831e+03,3.037543e+03,1.190116e+04,6.246698e+01,2.855268e+00,4.026427e-08
146,4,1.186164e+01,6.056745e-01,4.277868e-01,2.343056e+04,9.225227e+01,1.018812e+00,2.957979e-08
147,1,2.792126e+10,2.834265e+09,2.082450e+09,9.954484e+09,4.039252e+07,2.039354e+05,3.107977e-08
147,2,4.526181e+04,4.598747e+03,3.378345e+03,7.145118e+04,2.810903e+02,1.301302e+00,3.104635e-08
147,3,4.128603e+04,4.195114e+03,3.081792e+03,8.256513e+04,3.235642e+02,1.471358e+00,3.109155e-08
147,4,1.448619e+01,5.851723e-01,4.085492e-01,1.531191e+03,7.495622e+00,2.370912e-01,4.855155e-08
147,5,1.395214e+01,5.657099e-01,3.951013e-01,1.735943e+03,8.079043e+00,2.371367e-01,4.812985e-08
147,6,1.325558e+01,5.405009e-01,3.776838e-01,1.982858e+03,8.828415e+00,2.374472e-01,4.866395e-08
148,1,2.847818e+10,2.890874e+09,2.124037e+09,9.882794e+09,4.011625e+07,2.027481e+05,2.256202e-08
148,2,4.499058e+04,4.571328e+03,3.358191e+03,6.159459e+04,2.424047e+02,1.142279e+00,2.255746e-08
148,3,4.083065e+04,4.148944e+03,3.047871e+03,2.564331e+04,1.017132e+02,6.388622e-01,2.254973e-08
148,4,1.237931e+01,7.056311e-01,4.428332e-01,7.565175e+03,2.979365e+01,3.140052e-01,2.831478e-08
149,1,3.078005e+10,3.124618e+09,2.295721e+09,9.881208e+09,4.011082e+07,2.028835e+05,2.576897e-08
149,2,4.509571e+04,4.582101e+03,3.366024e+03,5.963562e+04,2.345876e+02,1.090490e+00,2.588155e-08
149,3,4.105933e+04,4.172248e+03,3.064917e+03,1.419810e+05,5.561872e+02,2.617343e+00,2.595568e-08
149,4,1.519996e+01,6.442655e-01,4.512685e-01,7.380160e+02,4.823874e+00,2.108992e-01,3.129433e-08
150,1,3.100523e+10,3.147498e+09,2.312538e+09,9.917178e+09,4.024826e+07,2.033060e+05,3.120198e-08
150,2,4.489124e+04,4.561365e+03,3.350800e+03,6.010727e+04,2.364308e+02,1.095463e+00,3.079673e-08
150,3,4.055148e+04,4.120683e+03,3.027044e+03,1.985933e+04,8.604776e+01,2.257896e+00,3.068150e-08
150,4,1.347039e+01,6.911693e-01,4.868831e-01,9.650465e+03,3.785811e+01,2.576339e-01,4.139231e-08
150,5,1.304785e+01,6.714401e-01,4.724768e-01,1.010948e+04,3.964108e+01,2.534670e-01,4.224114e-08
150,6,1.241605e+01,6.416998e-01,4.501133e-01,1.092142e+04,4.280264e+01,2.774491e-01,4.408420e-08
151,1,3.166604e+10,3.214373e+09,2.361670e+09,9.912079e+09,4.022806e+07,2.032929e+05,2.273776e-08
151,2,4.468545e+04,4.540181e+03,3.335233e+03,5.811568e+04,2.285738e+02,1.056850e+00,2.257516e-08
151,3,4.073536e+04,4.139104e+03,3.040573e+03,3.455593e+04,1.361254e+02,6.558864e-01,2.255873e-08
151,4,1.470153e+01,6.314965e-01,4.430317e-01,3.161460e+03,1.263954e+01,2.192118e-01,4.354415e-08
152,1,3.243873e+10,3.292903e+09,2.419373e+09,9.852449e+09,3.999969e+07,2.023557e+05,3.083757e-08
152,2,4.461639e+04,4.533295e+03,3.330182e+03,5.237123e+04,2.060948e+02,9.642822e-01,3.084710e-08
152,3,4.023743e+04,4.088587e+03,3.003474e+03,3.219491e+04,1.270523e+02,6.375467e-01,3.082592e-08
152,4,1.227408e+01,6.436625e-01,4.554135e-01,8.887713e+02,7.501746e+00,5.154236e-01,3.427501e-08
153,1,3.464160e+10,3.516575e+09,2.583732e+09,9.854287e+09,4.000612e+07,2.023347e+05,3.834814e-08
153,2,4.459264e+04,4.530950e+03,3.328490e+03,5.056094e+04,1.988846e+02,9.207251e-01,3.764825e-08
153,3,4.061016e+04,4.126514e+03,3.031364e+03,6.415918e+04,2.514790e+02,1.206790e+00,3.666319e-08
153,4,1.406238e+01,7.243710e-01,5.105119e-01,1.337811e+03,6.616356e+00,2.579483e-01,3.929133e-08
153,5,1.203235e+01,6.301268e-01,4.459303e-01,2.563535e+03,1.059172e+01,2.609085e-01,4.112226e-08
153,6,8.818877e+00,4.657421e-01,3.301486e-01,3.750106e+03,1.492561e+01,2.548226e-01,4.143292e-08
154,1,3.802702e+10,3.859684e+09,2.835811e+09,9.827599e+09,3.990364e+07,2.019188e+05,4.472285e-08
154,2,4.350529e+04,4.419895e+03,3.246885e+03,4.257591e+04,1.675726e+02,7.732132e-01,4.467838e-08
154,3,3.948704e+04,4.011849e+03,2.947112e+03,4.582395e+04,1.796368e+02,1.104324e+00,4.467509e-08
154,4,1.266792e+01,5.412145e-01,3.806472e-01,2.284544e+03,9.154205e+00,1.752153e-01,3.633029e-08
155,1,3.853041e+10,3.910766e+09,2.873346e+09,9.856785e+09,4.001539e+07,2.024174e+05,2.917274e-08
155,2,4.343230e+04,4.412470e+03,3.241433e+03,4.411430e+04,1.735722e+02,7.939460e-01,2.900743e-08
155,3,3.912393e+04,3.974954e+03,2.920010e+03,5.078065e+04,1.989104e+02,9.880283e-01,2.902603e-08
155,4,1.069326e+01,5.501476e-01,3.876739e-01,1.342715e+03,5.981902e+00,2.013171e-01,3.561214e-08
156,1,3.955176e+10,4.014336e+09,2.949454e+09,9.853153e+09,4.000107e+07,2.023586e+05,3.231155e-08
156,2,4.327477e+04,4.396369e+03,3.229618e+03,4.235277e+04,1.666426e+02,7.616540e-01,3.253183e-08
156,3,3.941063e+04,4.004004e+03,2.941364e+03,2.308287e+04,9.235462e+01,1.525394e+00,3.255212e-08
156,4,1.166525e+01,5.780135e-01,4.049575e-01,1.617738e+04,6.406514e+01,9.192474e-01,2.688788e-08
156,5,8.349662e+00,4.352845e-01,3.083333e-01,1.221439e+03,6.386390e+00,4.136049e-01,4.223343e-08
156,6,6.116793e+00,3.209743e-01,2.275310e-01,4.773995e+03,1.871545e+01,1.593723e-01,4.260910e-08
157,1,4.518608e+10,4.585621e+09,3.369291e+09,9.731562e+09,3.953425e+07,2.003991e+05,2.992589e-08
157,2,4.222800e+04,4.289552e+03,3.151232e+03,2.807929e+04,1.106035e+02,5.180673e-01,2.993921e-08
157,3,3.812630e+04,3.872979e+03,2.845196e+03,2.067684e+04,8.309820e+01,1.661342e+00,3.206312e-08
157,4,9.009002e+00,4.129974e-01,2.859784e-01,5.307837e+03,2.079900e+01,1.280896e-01,3.478449e-08
158,1,4.553021e+10,4.620580e+09,3.394981e+09,9.818431e+09,3.986779e+07,2.018765e+05,1.479559e-08
158,2,4.225017e+04,4.291836e+03,3.152914e+03,3.452376e+04,1.357385e+02,6.135917e-01,1.480901e-08
158,3,3.847557e+04,3.908560e+03,2.871333e+03,1.640211e+04,6.535368e+01,1.641746e+00,1.478976e-08
158,4,1.067201e+01,3.780120e-01,2.601989e-01,3.969721e+03,1.557108e+01,1.319145e-01,3.712816e-08
158,5,1.032390e+01,3.665597e-01,2.524014e-01,4.141774e+03,1.623893e+01,1.261762e-01,3.726990e-08
158,6,9.875006e+00,3.520061e-01,2.425301e-01,4.416652e+03,1.731039e+01,1.230817e-01,3.603685e-08
159,1,4.640192e+10,4.709115e+09,3.460071e+09,9.937750e+09,4.032488e+07,2.036722e+05,4.545198e-08
159,2,4.215317e+04,4.282056e+03,3.145763e+03,4.279455e+04,1.679382e+02,7.347472e-01,4.514993e-08
159,3,3.828049e+04,3.888858e+03,2.856884e+03,5.858636e+04,2.292282e+02,1.032971e+00,4.501415e-08
159,4,1.010304e+01,3.883152e-01,2.711890e-01,5.320128e+03,2.092364e+01,2.101718e-01,3.470852e-08
159,5,9.373206e+00,3.805236e-01,2.665563e-01,5.316075e+03,2.090446e+01,2.074446e-01,4.204483e-08
159,6,7.729464e+00,3.562052e-01,2.492413e-01,3.224911e+03,1.284149e+01,1.857856e-01,4.595708e-08
160,1,4.783720e+10,4.854579e+09,3.566962e+09,1.007991e+10,4.087176e+07,2.061973e+05,2.557783e-08
160,2,4.193048e+04,4.259273e+03,3.129033e+03,5.172801e+04,2.028221e+02,8.747593e-01,2.561760e-08
160,3,3.784716e+04,3.844751e+03,2.824482e+03,3.203912e+05,1.252518e+03,6.284523e+00,2.856697e-08
160,4,8.439412e+00,3.724747e-01,2.597223e-01,4.581687e+03,1.802853e+01,1.879229e-01,2.580626e-08
161,1,4.784562e+10,4.855422e+09,3.567574e+09,1.012799e+10,4.105563e+07,2.068285e+05,2.406759e-08
161,2,4.182694e+04,4.248750e+03,3.121295e+03,5.432071e+04,2.128828e+02,9.150893e-01,2.379832e-08
161,3,3.768265e+04,3.828039e+03,2.812197e+03,2.750661e+05,1.075249e+03,4.518115e+00,2.364600e-08
161,4,8.049938e+00,3.932488e-01,2.761582e-01,9.075306e+03,3.552037e+01,2.383920e-01,3.064964e-08
162,1,4.792422e+10,4.863371e+09,3.573401e+09,9.827204e+09,3.990077e+07,2.019782e+05,2.502435e-08
162,2,4.158113e+04,4.223769e+03,3.102930e+03,2.933066e+04,1.153920e+02,5.303113e-01,2.498627e-08
162,3,3.749720e+04,3.808959e+03,2.798184e+03,3.129929e+04,1.229903e+02,1.682529e+00,2.500074e-08
162,4,9.309708e+00,1.172738e+00,7.708340e-01,1.063331e+04,4.171684e+01,1.150286e+00,4.986402e-08
163,1,4.984854e+10,5.058744e+09,3.716982e+09,9.922435e+09,4.026609e+07,2.035126e+05,3.626723e-08
163,2,4.150030e+04,4.215633e+03,3.096978e+03,3.367080e+04,1.323680e+02,5.932841e-01,4.997168e-08
163,3,3.789138e+04,3.849182e+03,2.827752e+03,3.381586e+04,1.337186e+02,1.813535e+00,3.210635e-08
163,4,9.589769e+00,4.368895e-01,3.044748e-01,4.628974e+04,1.811926e+02,1.200863e+00,3.765508e-08
163,5,6.297088e+00,3.243417e-01,2.282049e-01,2.352241e+04,9.200493e+01,5.331821e-01,3.350356e-08
164,1,5.563352e+10,5.645546e+09,4.148153e+09,9.933070e+09,4.030854e+07,2.037200e+05,2.586684e-08
164,2,4.145476e+04,4.210804e+03,3.093438e+03,3.324823e+04,1.308010e+02,5.786484e-01,2.047841e-08
164,3,3.745085e+04,3.804213e+03,2.794723e+03,9.502032e+04,3.717841e+02,1.534471e+00,2.051371e-08
164,4,8.662026e+00,4.265939e-01,2.999957e-01,4.385655e+03,1.719708e+01,1.621117e-01,4.862616e-08
165,1,5.634577e+10,5.717775e+09,4.201225e+09,9.917242e+09,4.024773e+07,2.035577e+05,2.692684e-08
165,2,4.126611e+04,4.191615e+03,3.079341e+03,3.038642e+04,1.195074e+02,5.354764e-01,2.693475e-08
165,3,3.721584e+04,3.780206e+03,2.777080e+03,4.585267e+04,1.795824e+02,9.459482e-01,2.698672e-08
165,4,9.289622e+00,9.758292e-01,6.278080e-01,5.735973e+03,2.257023e+01,2.106987e-01,4.672053e-08
166,1,5.816786e+10,5.902665e+09,4.337096e+09,9.946983e+09,4.036025e+07,2.038404e+05,2.234275e-08
166,2,4.112937e+04,4.177723e+03,3.069149e+03,2.965811e+04,1.165851e+02,5.201832e-01,2.338254e-08
166,3,3.710736e+04,3.769276e+03,2.769071e+03,1.327884e+04,5.251197e+01,6.242411e-01,2.335548e-08
166,4,9.134472e+00,6.238636e-01,3.200893e-01,7.219763e+03,2.827372e+01,1.915465e-01,3.120150e-08
166,5,7.438329e+00,3.787525e-01,2.680031e-01,4.676520e+03,1.832917e+01,1.098447e-01,3.428161e-08
166,6,5.278009e+00,2.747894e-01,1.917062e-01,5.035192e+03,1.973916e+01,1.111569e-01,3.485443e-08
167,1,6.288021e+10,6.380587e+09,4.688340e+09,9.918233e+09,4.025048e+07,2.034310e+05,4.733464e-08
167,2,4.084344e+04,4.148522e+03,3.047747e+03,2.432374e+04,9.566702e+01,4.326131e-01,4.747247e-08
167,3,3.684179e+04,3.742101e+03,2.749156e+03,4.252927e+03,1.777095e+01,2.639106e-01,4.733741e-08
167,4,2.353354e+01,1.140733e+01,8.061333e+00,7.353634e+04,2.879635e+02,1.985085e+00,3.839512e-08
168,1,7.289973e+10,7.397427e+09,5.435626e+09,9.875457e+09,4.008675e+07,2.028627e+05,4.277361e-08
168,2,4.103881e+04,4.168429e+03,3.062449e+03,2.072362e+04,8.149146e+01,3.694526e-01,4.275158e-08
168,3,3.749921e+04,3.808983e+03,2.798364e+03,1.032175e+04,4.087879e+01,2.063743e-01,4.275542e-08
168,4,9.128182e+00,4.564584e-01,3.215632e-01,4.321860e+03,1.695993e+01,8.218262e-02,3.954133e-08
168,5,2.516844e+00,1.392061e-01,9.745931e-02,3.381738e+03,1.326289e+01,5.376953e-02,2.673946e-08
169,1,9.263792e+10,9.398814e+09,6.906254e+09,9.998206e+09,4.055554e+07,2.048310e+05,2.943954e-08
169,2,4.061127e+04,4.124362e+03,3.030076e+03,2.805014e+04,1.099023e+02,4.687159e-01,2.947716e-08
169,3,3.659198e+04,3.716297e+03,2.730264e+03,1.202882e+05,4.708162e+02,2.585828e+00,2.940979e-08
169,4,8.444865e+00,4.172274e-01,2.931020e-01,1.627649e+04,6.378681e+01,4.827341e-01,2.582683e-08
169,5,8.317780e+00,4.122844e-01,2.899171e-01,1.695702e+04,6.644985e+01,4.992353e-01,2.602727e-08
169,6,8.106759e+00,4.037396e-01,2.842628e-01,1.820065e+04,7.132034e+01,5.290195e-01,2.655656e-08
170,1,9.343795e+10,9.479839e+09,6.965772e+09,9.920791e+09,4.025889e+07,2.034513e+05,1.826016e-08
170,2,4.048763e+04,4.111751e+03,3.020801e+03,2.097014e+04,8.224745e+01,3.590569e-01,1.825378e-08
170,3,3.712048e+04,3.769886e+03,2.769632e+03,4.718593e+04,1.846709e+02,7.911706e-01,1.837536e-08
170,4,9.771537e+00,3.561271e-01,2.405998e-01,2.015026e+03,7.991199e+00,1.101785e-01,3.294117e-08
170,5,9.336954e+00,3.409126e-01,2.304165e-01,2.344966e+03,9.262885e+00,1.140184e-01,4.274371e-08
170,6,8.751541e+00,3.205094e-01,2.166956e-01,2.802848e+03,1.103533e+01,1.195317e-01,3.322614e-08
171,1,9.578118e+10,9.717846e+09,7.140760e+09,9.842205e+09,3.995837e+07,2.022007e+05,2.612196e-08
171,2,4.028987e+04,4.091795e+03,3.006181e+03,1.286954e+04,5.067330e+01,2.366119e-01,2.608772e-08
171,3,3.665750e+04,3.722946e+03,2.735189e+03,6.479456e+03,2.574888e+01,1.350905e-01,2.608034e-08
171,4,6.559254e+00,3.330886e-01,2.343412e-01,3.358941e+03,1.317922e+01,5.409423e-02,4.013065e-08
171,5,4.946567e+00,2.536795e-01,1.780834e-01,2.692251e+03,1.056270e+01,4.331006e-02,3.937014e-08
171,6,3.087139e+00,1.606952e-01,1.119685e-01,1.927772e+03,7.562127e+00,3.102189e-02,3.951443e-08
172,1,1.096257e+11,1.112145e+10,8.172316e+09,9.965883e+09,4.043397e+07,2.042620e+05,1.876536e-08
172,2,3.985144e+04,4.046921e+03,2.973274e+03,2.085656e+04,8.173837e+01,3.521305e-01,1.878655e-08
172,3,3.588851e+04,3.644577e+03,2.677660e+03,8.554181e+04,3.348624e+02,1.857824e+00,1.888535e-08
172,4,5.857093e+00,2.840041e-01,1.920988e-01,1.684682e+05,6.593904e+02,3.807375e+00,1.019489e-07
173,1,1.105331e+11,1.121316e+10,8.239672e+09,1.002098e+10,4.064231e+07,2.051095e+05,3.720992e-08
173,2,3.974525e+04,4.036019e+03,2.965249e+03,2.393788e+04,9.385608e+01,3.984833e-01,3.611828e-08
173,3,3.579620e+04,3.635114e+03,2.670693e+03,1.296099e+05,5.072735e+02,3.654922e+00,3.152810e-08
173,4,6.130871e+00,2.772640e-01,1.919291e-01,1.136656e+03,4.486055e+00,5.648926e-02,3.881196e-08
173,5,6.101185e+00,2.765656e-01,1.914734e-01,1.319720e+03,5.199004e+00,6.142891e-02,4.711019e-08
173,6,6.058339e+00,2.755316e-01,1.907990e-01,1.615386e+03,6.353337e+00,7.039949e-02,2.924006e-08
174,1,1.107060e+11,1.123069e+10,8.252556e+09,9.970927e+09,4.045368e+07,2.047010e+05,2.155042e-08
174,2,3.969900e+04,4.031325e+03,2.961801e+03,1.992024e+04,7.809120e+01,3.371605e-01,2.118614e-08
174,3,3.597882e+04,3.653640e+03,2.684306e+03,1.002145e+05,3.918188e+02,1.673935e+00,2.118577e-08
174,4,5.215492e+00,2.547702e-01,1.779571e-01,7.171888e+03,2.812065e+01,3.947848e-01,3.781450e-08
174,5,3.636826e+00,1.811683e-01,1.253767e-01,1.448528e+03,5.917288e+00,1.281160e-01,3.829787e-08
174,6,7.731182e-01,3.664948e-02,2.169823e-02,1.845577e+04,7.210581e+01,3.207612e-01,7.409148e-08
175,1,1.218653e+11,1.236190e+10,9.083928e+09,1.026478e+10,4.157796e+07,2.088633e+05,2.347656e-08
175,2,3.805893e+04,3.864593e+03,2.839335e+03,2.142546e+04,8.384871e+01,4.334521e-01,2.353735e-08
175,3,3.427269e+04,3.478930e+03,2.555964e+03,2.420937e+07,9.457715e+04,3.759273e+02,4.280561e-08
175,4,5.315819e+00,2.437339e-01,1.522356e-01,2.370620e+05,9.261197e+02,3.668887e+00,3.810027e-07
176,1,1.230307e+11,1.248009e+10,9.170785e+09,1.341222e+10,5.365303e+07,2.584380e+05,1.954760e-08
176,2,3.841771e+04,3.900998e+03,2.866088e+03,2.131484e+05,8.327104e+02,3.317226e+00,1.951973e-08
176,3,3.474946e+04,3.529221e+03,2.592850e+03,3.737537e+06,1.460165e+04,5.853068e+01,2.020573e-08
176,4,6.867971e+00,2.226181e-01,1.522365e-01,1.032858e+05,4.035075e+02,1.631106e+00,2.537343e-07
177,1,1.261449e+11,1.279595e+10,9.402906e+09,1.038945e+10,4.205681e+07,2.107430e+05,4.390297e-08
177,2,3.929605e+04,3.990126e+03,2.931581e+03,4.237879e+04,1.657963e+02,6.760009e-01,4.395282e-08
177,3,3.545648e+04,3.600455e+03,2.645261e+03,2.767391e+05,1.081675e+03,4.341000e+00,4.579960e-08
177,4,5.414726e+00,2.543071e-01,1.770139e-01,1.456374e+04,5.691572e+01,2.688883e-01,3.390312e-08
178,1,1.266006e+11,1.284216e+10,9.436867e+09,1.064763e+10,4.304676e+07,2.148759e+05,4.505532e-08
178,2,3.876564e+04,3.936292e+03,2.892025e+03,5.014149e+04,1.959430e+02,7.969604e-01,4.487961e-08
178,3,3.497975e+04,3.552107e+03,2.609732e+03,4.908217e+05,1.918058e+03,1.327126e+01,4.802202e-08
178,4,6.532325e+00,2.312206e-01,1.592782e-01,1.909539e+03,7.488083e+00,7.896735e-02,3.835136e-08
179,1,1.265926e+11,1.284136e+10,9.436275e+09,1.063730e+10,4.300878e+07,2.151304e+05,3.436874e-08
179,2,3.875801e+04,3.935520e+03,2.891458e+03,5.029478e+04,1.967060e+02,8.004139e-01,3.321635e-08
179,3,3.489305e+04,3.543307e+03,2.603266e+03,9.352337e+04,4.984643e+02,2.153198e+01,3.248374e-08
179,4,6.021755e+00,4.906532e-01,2.965054e-01,1.336653e+06,5.765312e+03,1.659768e+02,1.551572e-06
180,1,1.271985e+11,1.290286e+10,9.481481e+09,1.053950e+10,4.263178e+07,2.131485e+05,2.659501e-08
180,2,3.871042e+04,3.930703e+03,2.887923e+03,4.297019e+04,1.679405e+02,6.857068e-01,2.656996e-08
180,3,3.512693e+04,3.567039e+03,2.620710e+03,8.488235e+03,3.375759e+01,4.397635e-01,2.652262e-08
180,4,6.129729e+00,3.156672e-01,2.228872e-01,1.332598e+04,5.209156e+01,2.094878e-01,4.910277e-08
181,1,1.346272e+11,1.365627e+10,1.003519e+10,1.026003e+10,4.156085e+07,2.088832e+05,4.977417e-08
181,2,3.877469e+04,3.937184e+03,2.892706e+03,2.606389e+04,1.019244e+02,4.230736e-01,4.974895e-08
181,3,3.524281e+04,3.578682e+03,2.629294e+03,7.249891e+04,2.832573e+02,1.139726e+00,2.510502e-08
181,4,7.393663e+00,2.718064e-01,1.887105e-01,8.206090e+02,3.373091e+00,1.100122e-01,3.732635e-08
181,5,6.658683e+00,2.609563e-01,1.819596e-01,1.227816e+03,4.899946e+00,1.140049e-01,3.396709e-08
181,6,5.162470e+00,2.423236e-01,1.689088e-01,1.569918e+03,6.204925e+00,1.160808e-01,4.610701e-08
182,1,1.410242e+11,1.430471e+10,1.051163e+10,1.114925e+10,4.497133e+07,2.225471e+05,3.303668e-08
182,2,3.821556e+04,3.880318e+03,2.850908e+03,8.146507e+04,3.183043e+02,1.273883e+00,3.294355e-08
182,3,3.456299e+04,3.509809e+03,2.578644e+03,7.958859e+05,3.109208e+03,1.316223e+01,3.264006e-08
182,4,6.735599e+00,2.359346e-01,1.620957e-01,8.260722e+03,3.229163e+01,2.429128e-01,4.497675e-08
183,1,1.406914e+11,1.427096e+10,1.048683e+10,1.041760e+10,4.216556e+07,2.112426e+05,2.982402e-08
183,2,3.805655e+04,3.864183e+03,2.839051e+03,3.383810e+04,1.324880e+02,5.420542e-01,2.987209e-08
183,3,3.427881e+04,3.478642e+03,2.555747e+03,1.005323e+07,3.928473e+04,2.056573e+02,2.988570e-08
183,4,7.443850e+00,1.417236e+00,9.853448e-01,9.329878e+05,3.645739e+03,1.892452e+01,3.140359e-07
183,5,7.444299e+00,1.419009e+00,9.866292e-01,9.342006e+05,3.650496e+03,1.895485e+01,2.369651e-07
183,6,7.444854e+00,1.421188e+00,9.882073e-01,9.357072e+05,3.656342e+03,1.897154e+01,1.138644e-07
184,1,1.413920e+11,1.434195e+10,1.053900e+10,1.066270e+10,4.310539e+07,2.151107e+05,4.577135e-08
184,2,3.823804e+04,3.882577e+03,2.852567e+03,5.017911e+04,1.961694e+02,7.937864e-01,4.576326e-08
184,3,3.487771e+04,3.541616e+03,2.602031e+03,1.442016e+05,5.643711e+02,3.139523e+00,4.501481e-08
184,4,6.866760e+00,2.199655e-01,1.496630e-01,3.629254e+03,1.425758e+01,1.841083e-01,3.560421e-08
185,1,1.418120e+11,1.438452e+10,1.057028e+10,1.059807e+10,4.285735e+07,2.140855e+05,2.507879e-08
185,2,3.816800e+04,3.875461e+03,2.847341e+03,4.531027e+04,1.772235e+02,7.188679e-01,3.045897e-08
185,3,3.444723e+04,3.497854e+03,2.569882e+03,1.006514e+05,3.932768e+02,2.058699e+00,1.947031e-08
185,4,6.120188e+00,5.065835e-01,2.949903e-01,1.671369e+03,7.579048e+00,3.430139e-01,2.528289e-08
186,1,1.460767e+11,1.481657e+10,1.088779e+10,1.053639e+10,4.262118e+07,2.131129e+05,2.564230e-08
186,2,3.779468e+04,3.837430e+03,2.819403e+03,3.702208e+04,1.447721e+02,5.911100e-01,2.568452e-08
186,3,3.419075e+04,3.471679e+03,2.550659e+03,1.646934e+04,6.461760e+01,8.374161e-01,2.564066e-08
186,4,6.384665e+00,3.244767e-01,2.282380e-01,4.067612e+04,1.589636e+02,9.553928e-01,4.245258e-08
186,5,5.732410e+00,2.977444e-01,2.100539e-01,9.626257e+03,3.763681e+01,2.792969e-01,3.110051e-08
186,6,4.657303e+00,2.510520e-01,1.765445e-01,1.827149e+04,7.143620e+01,4.401777e-01,3.107145e-08
187,1,1.560011e+11,1.582207e+10,1.162672e+10,1.030208e+10,4.172109e+07,2.092033e+05,4.994397e-08
187,2,3.771393e+04,3.828963e+03,2.813191e+03,1.868027e+04,7.310316e+01,3.065079e-01,4.979371e-08
187,3,3.515372e+04,3.569113e+03,2.622266e+03,5.381296e+03,2.123151e+01,2.346955e-01,4.978428e-08
187,4,7.325610e+00,3.181244e-01,2.227011e-01,1.228838e+04,4.811724e+01,2.177721e-01,4.477369e-08
187,5,3.040605e+00,1.666775e-01,1.173368e-01,3.848099e+03,1.503933e+01,6.126627e-02,3.889032e-08
187,6,6.062710e-01,3.617053e-02,2.373355e-02,1.527213e+03,5.972493e+00,4.777004e-02,3.719795e-08
188,1,2.071392e+11,2.100567e+10,1.543621e+10,1.060372e+10,4.287304e+07,2.136285e+05,4.992706e-08
188,2,3.718345e+04,3.774608e+03,2.773317e+03,3.693003e+04,1.443163e+02,5.811810e-01,4.822777e-08
188,3,3.353055e+04,3.403968e+03,2.500975e+03,1.786263e+05,6.978117e+02,2.802025e+00,4.759493e-08
188,4,4.630599e+00,2.143582e-01,1.486227e-01,1.354084e+04,5.290457e+01,2.818556e-01,3.782700e-08
188,5,4.573274e+00,2.134781e-01,1.480132e-01,1.442462e+04,5.635637e+01,2.964597e-01,2.889760e-08
188,6,4.500990e+00,2.123327e-01,1.473105e-01,1.563346e+04,6.107852e+01,3.168411e-01,4.446918e-08
189,1,2.078568e+11,2.107829e+10,1.548955e+10,1.031352e+10,4.176371e+07,2.092675e+05,2.076551e-08
189,2,3.708822e+04,3.764920e+03,2.766195e+03,1.569396e+04,6.142603e+01,2.559082e-01,2.072791e-08
189,3,3.361065e+04,3.411974e+03,2.506866e+03,6.194686e+04,2.420049e+02,1.140171e+00,2.068918e-08
189,4,5.380463e+00,1.841154e-01,1.253354e-01,1.371171e+03,5.400211e+00,9.298387e-02,2.046802e-08
190,1,2.086583e+11,2.115949e+10,1.554922e+10,1.023510e+10,4.146589e+07,2.087359e+05,3.384017e-08
190,2,3.711481e+04,3.767604e+03,2.768167e+03,1.022654e+04,4.005390e+01,1.722752e-01,3.377850e-08
190,3,3.342609e+04,3.391145e+03,2.491543e+03,5.199974e+06,2.031630e+04,1.220006e+02,3.261528e-08
190,4,8.695773e+00,2.998083e+00,2.114778e+00,1.038297e+06,4.056474e+03,2.422149e+01,1.076447e-07
190,5,8.699756e+00,3.001805e+00,2.117418e+00,1.039579e+06,4.061569e+03,2.429359e+01,1.351790e-07
190,6,8.706415e+00,3.008026e+00,2.121831e+00,1.041753e+06,4.070042e+03,2.433495e+01,1.763412e-07
191,1,2.084508e+11,2.113847e+10,1.553377e+10,1.026210e+10,4.156942e+07,2.092116e+05,3.333091e-08
191,2,3.707180e+04,3.763243e+03,2.764962e+03,1.153079e+04,4.515978e+01,1.920428e-01,3.318213e-08
191,3,3.367941e+04,3.418921e+03,2.511973e+03,4.643836e+04,1.814205e+02,7.964283e-01,3.343638e-08
191,4,5.349026e+00,1.937257e-01,1.326399e-01,1.244187e+04,4.862225e+01,2.252569e-01,3.724900e-08
191,5,4.937302e+00,1.876959e-01,1.294578e-01,1.337990e+04,5.228501e+01,2.351931e-01,4.861859e-08
191,6,3.627210e+00,1.799049e-01,1.256144e-01,1.516566e+04,5.925668e+01,2.436920e-01,4.520950e-08
192,1,2.281708e+11,2.313670e+10,1.700231e+10,1.020618e+10,4.135373e+07,2.079395e+05,4.571224e-08
192,2,3.705153e+04,3.760948e+03,2.763295e+03,8.609127e+03,3.372987e+01,1.463872e-01,4.537503e-08
192,3,3.385193e+04,3.436209e+03,2.524694e+03,1.834617e+04,7.169993e+01,3.045676e-01,4.537314e-08
192,4,3.778612e+00,1.633543e-01,1.120760e-01,1.194348e+04,4.666471e+01,2.571383e-01,2.849701e-08
193,1,2.428873e+11,2.462734e+10,1.809771e+10,1.020878e+10,4.136204e+07,2.074375e+05,4.365870e-08
193,2,3.693996e+04,3.749381e+03,2.754793e+03,7.321943e+03,2.868662e+01,1.256157e-01,4.350472e-08
193,3,3.332440e+04,3.382424e+03,2.485174e+03,6.337835e+03,2.483178e+01,1.131953e-01,4.350388e-08
193,4,3.681341e+00,2.065516e-01,1.229852e-01,3.281117e+03,1.287694e+01,2.267358e-01,3.536624e-08
194,1,2.477145e+11,2.511632e+10,1.845703e+10,1.022223e+10,4.141470e+07,2.080154e+05,4.812433e-08
194,2,3.693287e+04,3.748590e+03,2.754211e+03,8.180552e+03,3.203890e+01,1.382390e-01,4.812209e-08
194,3,3.413082e+04,3.464224e+03,2.545274e+03,1.213492e+04,4.744339e+01,1.975801e-01,4.809500e-08
194,4,4.489733e+00,1.462994e-01,9.489273e-02,6.015224e+02,2.412859e+00,6.512450e-02,4.656389e-08
194,5,4.209477e+00,1.374911e-01,8.907465e-02,4.414446e+02,1.807626e+00,6.255684e-02,4.643854e-08
194,6,3.855198e+00,1.264042e-01,8.178339e-02,2.417980e+02,1.081129e+00,5.928736e-02,4.616049e-08
195,1,2.568000e+11,2.603792e+10,1.913458e+10,1.020098e+10,4.133712e+07,2.086368e+05,3.044153e-08
195,2,3.684892e+04,3.740133e+03,2.748040e+03,6.104287e+03,2.393209e+01,1.058627e-01,3.047417e-08
195,3,3.379551e+04,3.430238e+03,2.520344e+03,1.261864e+03,5.150280e+00,7.285584e-02,3.047126e-08
195,4,2.631463e+00,1.411583e-01,9.542428e-02,3.134182e+03,1.225519e+01,4.948649e-02,3.922717e-08
196,1,3.067893e+11,3.109987e+10,2.285429e+10,1.021016e+10,4.136948e+07,2.081074e+05,2.222560e-08
196,2,3.688674e+04,3.743169e+03,2.750249e+03,6.444148e+03,2.524694e+01,1.091980e-01,2.212732e-08
196,3,3.323301e+04,3.372424e+03,2.477846e+03,1.125422e+04,4.404017e+01,1.821613e-01,2.212686e-08
196,4,3.491858e+00,3.058336e-01,1.825863e-01,7.531189e+04,2.944226e+02,2.840994e+00,3.917239e-07
197,1,3.271778e+11,3.316338e+10,2.437059e+10,1.027734e+10,4.163366e+07,2.104734e+05,2.870556e-08
197,2,3.681780e+04,3.735801e+03,2.744823e+03,1.151986e+04,4.505183e+01,1.870396e-01,2.857574e-08
197,3,3.323491e+04,3.372309e+03,2.477747e+03,7.778803e+04,3.039061e+02,1.256323e+00,2.863536e-08
197,4,3.910853e+00,1.958424e-01,1.368809e-01,4.181222e+03,1.637718e+01,2.263525e-01,6.860518e-08
198,1,3.316470e+11,3.361568e+10,2.470295e+10,1.022483e+10,4.143181e+07,2.096120e+05,4.424184e-08
198,2,3.666014e+04,3.719734e+03,2.733015e+03,5.531356e+03,2.168446e+01,9.411831e-02,4.582089e-08
198,3,3.308493e+04,3.356994e+03,2.466495e+03,5.917471e+03,2.320066e+01,2.016915e-01,4.611223e-08
198,4,3.920638e+00,7.127365e-01,4.924321e-01,2.449252e+04,9.569878e+01,3.824936e-01,4.246847e-08
199,1,3.698919e+11,3.748587e+10,2.754675e+10,1.054324e+10,4.264601e+07,2.130350e+05,4.936102e-08
199,2,3.660760e+04,3.713783e+03,2.728616e+03,2.711890e+04,1.059879e+02,4.238764e-01,4.922737e-08
199,3,3.331408e+04,3.379796e+03,2.483210e+03,3.376107e+05,1.318820e+03,5.299346e+00,4.899375e-08
199,4,4.922670e+00,1.841497e-01,1.266362e-01,1.850493e+04,7.229201e+01,3.361318e-01,7.605297e-07
200,1,3.698846e+11,3.748576e+10,2.754670e+10,1.037602e+10,4.200385e+07,2.100771e+05,3.107987e-08
200,2,3.614543e+04,3.666980e+03,2.694229e+03,9.262946e+03,3.624758e+01,1.506950e-01,3.092439e-08
200,3,3.254462e+04,3.301599e+03,2.425768e+03,8.478317e+05,3.311947e+03,1.390489e+01,3.553460e-08
200,4,4.801613e+00,4.812876e-01,3.062061e-01,3.926514e+05,1.533832e+03,6.286839e+00,4.404040e-06
200,5,4.739805e+00,5.055239e-01,3.262282e-01,4.182595e+05,1.633867e+03,6.698374e+00,4.885280e-06
200,6,4.766709e+00,1.433761e+00,1.008235e+00,1.291644e+06,5.045639e+03,2.075991e+01,1.262222e-05
